year_index,scenario,behaviour,foresight_period,id,country,latitude,longitude,company_name,company_id,type,technology_status,clinker_ratio,production_intensity_kgco2_per_t,production_t_per_yr,emissions_tco2,initial_production_t_per_yr,revenue,regular_opex_to_revenue,regular_opex,additional_carbon_cost,additional_clinker_cost,maintenance_capex_to_revenue,maintenance_capex,transition_capex_realized
0,,,,P100000124212_clinker,Germany,51.363518,10.48249,Buzzi SpA,E100002005243,clinker,ccus,0.71,463.8114645311488,784192.4739067621,363717.459797,784192.4739067621,62735397.912540965,0.7328401710755583,45975019.73871975,0.0,0.0,0.0807064786947568,5063153.055035578,0.0
0,,,,P100000124253_clinker,Germany,51.62262,8.503328,Buzzi SpA,E100002005243,clinker,alternative_fuels,0.95,779.8346093541777,199361.60780777884,155469.081545,199361.60780777884,15948928.624622308,0.7328401710755583,11688015.581740081,0.0,0.0,0.0807064786947568,1287181.8682472773,0.0
0,,,,P100000124254_clinker,Germany,49.602153,8.036755,Buzzi SpA,E100002005243,clinker,alternative_fuels,0.95,660.9309887958544,419708.6480169288,277398.45174,419708.6480169288,33576691.8413543,0.7328401710755583,24606348.59316939,0.0,0.0,0.0807064786947568,2709856.564734676,0.0
0,,,,P100000124277_clinker,Germany,52.174513,7.887858,Buzzi SpA,E100002005243,clinker,alternative_fuels,0.95,900.9880820491059,928605.38376067,836662.383695,928605.38376067,74288430.7008536,0.7328401710755583,54441546.26374831,0.0,0.0,0.0807064786947568,5995557.649625358,0.0
0,,,,P100000124384_clinker,Germany,50.032084,8.257539,Buzzi SpA,E100002005243,clinker,alternative_fuels,0.79,591.2676717509202,414462.2899139905,245058.153186,414462.2899139905,33156983.19311924,0.7328401710755583,24298769.235594913,0.0,0.0,0.0807064786947568,2675983.3576578875,0.0
0,,,,P100000125364_clinker,Italy,37.193315,15.181309,Buzzi SpA,E100002005243,clinker,alternative_fuels,0.95,680.9994043954131,996808.038855272,678825.680757,996808.038855272,79744643.10842176,0.7328401710755583,58440077.897935145,0.0,0.0,0.0807064786947568,6435909.340050826,0.0
0,,,,P100000125365_clinker,Italy,41.314509,16.291325,Buzzi SpA,E100002005243,clinker,alternative_fuels,0.95,714.731416443398,577099.39105869,412471.0652,577099.39105869,46167951.2846952,0.7328401710755583,33833729.31768408,0.0,0.0,0.0807064786947568,3726052.7767388234,0.0
0,,,,P100000125366_clinker,Italy,46.176627,12.741918,Buzzi SpA,E100002005243,clinker,alternative_fuels,0.95,957.8281350871645,131158.95250463445,125627.7348775,131158.95250463445,10492716.200370755,0.7328401710755583,7689483.935326986,0.0,0.0,0.0807064786947568,846830.1764753519,0.0
0,,,,P100000125367_clinker,Italy,44.302879,7.507667,Buzzi SpA,E100002005243,clinker,alternative_fuels,0.95,626.7626844120472,839417.2961597702,526115.437883,839417.2961597702,67153383.69278161,0.7328401710755583,49212697.19372068,0.0,0.0,0.0807064786947568,5419713.130282308,0.0
0,,,,P100000125368_clinker,Italy,40.556684,9.672591,Buzzi SpA,E100002005243,clinker,alternative_fuels,0.95,733.1205915587449,262317.90503812383,192310.657718,262317.90503812383,20985432.40304991,0.7328401710755583,15378967.87234566,0.0,0.0,0.0807064786947568,1693660.3531370065,0.0
0,,,,P100000125369_clinker,Italy,44.793393,9.810411,Buzzi SpA,E100002005243,clinker,ccus,0.95,443.4182959223162,682026.5528871692,302423.051855,682026.5528871692,54562124.230973534,0.7328401710755583,39985316.45567251,0.0,0.0,0.0807064786947568,4403516.91678774,0.0
0,,,,P100000125370_clinker,Italy,42.005682,12.716474,Buzzi SpA,E100002005243,clinker,alternative_fuels,0.95,570.531219496487,996808.038855272,568710.106012,996808.038855272,79744643.10842176,0.7328401710755583,58440077.897935145,0.0,0.0,0.0807064786947568,6435909.340050826,0.0
0,,,,P100000125371_clinker,Italy,45.252873,11.751312,Buzzi SpA,E100002005243,clinker,ccus,0.95,364.55126363974415,419708.6480169288,153005.3179951,419708.6480169288,33576691.8413543,0.7328401710755583,24606348.59316939,0.0,0.0,0.0807064786947568,2709856.564734676,0.0
0,,,,P100000126427_clinker,Czech Republic,49.558549,17.766832,Buzzi SpA,E100002005243,clinker,alternative_fuels,0.95,684.1232659884209,577099.39105869,394807.120211,577099.39105869,46167951.2846952,0.7328401710755583,33833729.31768408,0.0,0.0,0.0807064786947568,3726052.7767388234,0.0
0,,,,P100000126458_clinker,Poland,50.806848,20.530019,Buzzi SpA,E100002005243,clinker,base,0.95,663.250419233716,839417.2961597702,556743.87359,839417.2961597702,67153383.69278161,0.7328401710755583,49212697.19372068,0.0,0.0,0.0807064786947568,5419713.130282308,0.0
0,,,,P100000126473_clinker,Luxembourg,49.465844,6.006874,Buzzi SpA,E100002005243,clinker,base,0.71,913.8048665894788,19297.016304169265,17633.707409406394,19297.016304169265,1543761.304333541,0.7328401710755583,1131330.2983676193,0.0,0.0,0.0807064786947568,124591.53881798491,0.0
0,,,,P100000126702_clinker,Slovenia,46.069604,13.627652,Buzzi SpA,E100002005243,clinker,alternative_fuels,0.95,555.712498443886,170506.6382217923,94752.6699275,170506.6382217923,13640531.057743384,0.7328401710755583,9996329.113918127,0.0,0.0,0.0807064786947568,1100879.229196935,0.0
0,,,,P100000124212_grinding,Germany,51.363518,10.48249,Buzzi SpA,E100002005243,grinding,base,0.71,0.0,1113087.499863044,0.0,1113087.499863044,111308749.98630439,0.7328401710755583,81571523.38216986,0.0,0.0,0.0807064786947568,8983337.259309687,0.0
0,,,,P100000124253_grinding,Germany,51.62262,8.503328,Buzzi SpA,E100002005243,grinding,base,0.95,0.0,211486.6249789873,0.0,211486.6249789873,21148662.49789873,0.7328401710755583,15498589.44297935,0.0,0.0,0.0807064786947568,1706834.0793092663,0.0
0,,,,P100000124254_grinding,Germany,49.602153,8.036755,Buzzi SpA,E100002005243,grinding,base,0.95,0.0,445234.99995634856,0.0,445234.99995634856,44523499.995634854,0.7328401710755583,32628609.353683665,0.0,0.0,0.0807064786947568,3593334.903813709,0.0
0,,,,P100000124277_grinding,Germany,52.174513,7.887858,Buzzi SpA,E100002005243,grinding,base,0.95,0.0,985082.4374280482,0.0,985082.4374280482,98508243.74280483,0.7328401710755583,72190798.19682989,0.0,0.0,0.0807064786947568,7950253.474886588,0.0
0,,,,P100000124384_grinding,Germany,50.032084,8.257539,Buzzi SpA,E100002005243,grinding,base,0.79,0.0,528716.5624446855,0.0,528716.5624446855,52871656.24446855,0.7328401710755583,38746473.60724444,0.0,0.0,0.0807064786947568,4267085.198250706,0.0
0,,,,P100000124409,Germany,51.21482,6.702804,Buzzi SpA,E100002005243,grinding,base,0.75,0.0,278271.87497967464,0.0,278271.87497967464,27827187.497967463,0.7328401710755583,20392880.846562114,0.0,0.0,0.0807064786947568,2245834.314939714,0.0
0,,,,P100000124468,Germany,50.417558,7.473787,Buzzi SpA,E100002005243,grinding,base,0.75,0.0,445234.9999674794,0.0,445234.9999674794,44523499.99674794,0.7328401710755583,32628609.35449938,0.0,0.0,0.0807064786947568,3593334.9039035426,0.0
0,,,,P100000125364_grinding,Italy,37.193315,15.181309,Buzzi SpA,E100002005243,grinding,base,0.95,0.0,1057433.1247001465,0.0,1057433.1247001465,105743312.47001465,0.7328401710755583,77492947.20062175,0.0,0.0,0.0807064786947568,8534170.394974248,0.0
0,,,,P100000125365_grinding,Italy,41.314509,16.291325,Buzzi SpA,E100002005243,grinding,base,0.95,0.0,612198.124977546,0.0,612198.124977546,61219812.4977546,0.7328401710755583,44864337.86406808,0.0,0.0,0.0807064786947568,4940835.493047038,0.0
0,,,,P100000125366_grinding,Italy,46.176627,12.741918,Buzzi SpA,E100002005243,grinding,base,0.95,0.0,139135.93748566325,0.0,139135.93748566325,13913593.748566326,0.7328401710755583,10196440.422975166,0.0,0.0,0.0807064786947568,1122917.1574361697,0.0
0,,,,P100000125367_grinding,Italy,44.302879,7.507667,Buzzi SpA,E100002005243,grinding,base,0.95,0.0,890470.0000462676,0.0,890470.0000462676,89047000.00462677,0.7328401710755583,65257218.71715592,0.0,0.0,0.0807064786947568,7186669.808705419,0.0
0,,,,P100000125368_grinding,Italy,40.556684,9.672591,Buzzi SpA,E100002005243,grinding,base,0.95,0.0,278271.8750019364,0.0,278271.8750019364,27827187.50019364,0.7328401710755583,20392880.848193545,0.0,0.0,0.0807064786947568,2245834.315119381,0.0
0,,,,P100000125369_grinding,Italy,44.793393,9.810411,Buzzi SpA,E100002005243,grinding,base,0.95,0.0,723506.874780191,0.0,723506.874780191,72350687.4780191,0.7328401710755583,53021490.18882578,0.0,0.0,0.0807064786947568,5839169.217495757,0.0
0,,,,P100000125370_grinding,Italy,42.005682,12.716474,Buzzi SpA,E100002005243,grinding,base,0.95,0.0,1057433.1247001465,0.0,1057433.1247001465,105743312.47001465,0.7328401710755583,77492947.20062175,0.0,0.0,0.0807064786947568,8534170.394974248,0.0
0,,,,P100000125371_grinding,Italy,45.252873,11.751312,Buzzi SpA,E100002005243,grinding,base,0.95,0.0,445234.99995634856,0.0,445234.99995634856,44523499.995634854,0.7328401710755583,32628609.353683665,0.0,0.0,0.0807064786947568,3593334.903813709,0.0
0,,,,P100000125373,Italy,45.190497,8.288123,Buzzi SpA,E100002005243,grinding,base,0.75,0.0,434104.1249682924,0.0,434104.1249682924,43410412.49682924,0.7328401710755583,31812894.120636895,0.0,0.0,0.0807064786947568,3503501.531305954,0.0
0,,,,P100000125374,Italy,43.855412,11.180663,Buzzi SpA,E100002005243,grinding,base,0.75,0.0,128005.06249065034,0.0,128005.06249065034,12800506.249065034,0.7328401710755583,9380725.189418573,0.0,0.0,0.0807064786947568,1033083.7848722686,0.0
0,,,,P100000125375,Italy,44.692954,8.875626,Buzzi SpA,E100002005243,grinding,base,0.75,0.0,445234.9999674794,0.0,445234.9999674794,44523499.99674794,0.7328401710755583,32628609.35449938,0.0,0.0,0.0807064786947568,3593334.9039035426,0.0
0,,,,P100000125376,Italy,44.32306,7.483481,Buzzi SpA,E100002005243,grinding,base,0.75,0.0,55654.37499593493,0.0,55654.37499593493,5565437.499593493,0.7328401710755583,4078576.1693124226,0.0,0.0,0.0807064786947568,449166.8629879428,0.0
0,,,,P100000126427_grinding,Czech Republic,49.558549,17.766832,Buzzi SpA,E100002005243,grinding,base,0.95,0.0,612198.124977546,0.0,612198.124977546,61219812.4977546,0.7328401710755583,44864337.86406808,0.0,0.0,0.0807064786947568,4940835.493047038,0.0
0,,,,P100000126458_grinding,Poland,50.806848,20.530019,Buzzi SpA,E100002005243,grinding,base,0.95,0.0,890470.0000462676,0.0,890470.0000462676,89047000.00462677,0.7328401710755583,65257218.71715592,0.0,0.0,0.0807064786947568,7186669.808705419,0.0
0,,,,P100000126473_grinding,Luxembourg,49.465844,6.006874,Buzzi SpA,E100002005243,grinding,base,0.71,0.0,27390.3006564406,0.0,27390.3006564406,2739030.06564406,0.7328401710755583,2007271.2618876905,0.0,0.0,0.0807064786947568,221057.47163720065,0.0
0,,,,P100000126474,Luxembourg,49.514265,5.998773,Buzzi SpA,E100002005243,grinding,base,0.75,0.0,766928.4183189825,0.0,766928.4183189825,76692841.83189824,0.7328401710755583,56203595.328359045,0.0,0.0,0.0807064786947568,6189609.205346449,0.0
0,,,,P100000126702_grinding,Slovenia,46.069604,13.627652,Buzzi SpA,E100002005243,grinding,base,0.95,0.0,180876.71869504775,0.0,180876.71869504775,18087671.869504776,0.7328401710755583,13255372.547206445,0.0,0.0,0.0807064786947568,1459792.3043739393,0.0
0,,,,P100000126711,Italy,46.163356,12.316312,Buzzi SpA,E100002005243,grinding,base,0.75,0.0,41740.7812469512,0.0,41740.7812469512,4174078.12469512,0.7328401710755583,3058932.1269843173,0.0,0.0,0.0807064786947568,336875.1472409571,0.0
0,,,,P100000126713,Italy,41.064719,14.370234,Buzzi SpA,E100002005243,grinding,base,0.75,0.0,27827.187497967465,0.0,27827.187497967465,2782718.7497967463,0.7328401710755583,2039288.0846562113,0.0,0.0,0.0807064786947568,224583.4314939714,0.0
0,,,,E100002005243_other,Various,,,Buzzi SpA,E100002005243,other,base,0.0,0.0,21859041.056717467,0.0,21859041.056717467,2185904105.6717467,0.7328401710755583,1601918338.7552483,0.0,0.0,0.0807064786947568,176416623.13317826,0.0
0,,,,P100000124810_clinker,Germany,49.016834,8.614441,CRH PLC,E100000131458,clinker,alternative_fuels,0.71,808.5163975375433,313676.9895705467,253612.989598,313676.9895705467,25094159.165643737,0.8673865925901203,21766337.212601855,0.0,0.0,0.057530087952704,1443669.1838986373,0.0
0,,,,P100000125265_clinker,United Kingdom,51.396957,-3.391465,CRH PLC,E100000131458,clinker,base,0.95,913.5164560961756,262317.90503812383,239631.722981,262317.90503812383,20985432.40304991,0.8673865925901203,18202482.70611176,0.0,0.0,0.057530087952704,1207293.7718729856,0.0
0,,,,P100000125266_clinker,United Kingdom,53.26318,-1.855359,CRH PLC,E100000131458,clinker,alternative_fuels,0.95,711.6349482163787,524635.8100185378,373349.177495,524635.8100185378,41970864.80148302,0.8673865925901203,36404965.40821897,0.0,0.0,0.057530087952704,2414587.5434803665,0.0
0,,,,P100000125267_clinker,United Kingdom,55.978765,-2.47217,CRH PLC,E100000131458,clinker,alternative_fuels,0.95,442.03327014563814,524635.8100185378,231906.482738,524635.8100185378,41970864.80148302,0.8673865925901203,36404965.40821897,0.0,0.0,0.057530087952704,2414587.5434803665,0.0
0,,,,P100000125440_clinker,France,48.690169,6.965325,CRH PLC,E100000131458,clinker,alternative_fuels,0.95,1020.2401812288156,472125.01181319193,481680.90761494765,472125.01181319193,37770000.94505535,0.8673865925901203,32761192.421857186,0.0,0.0,0.057530087952704,2172911.4763427475,0.0
0,,,,P100000125441_clinker,France,50.699243,2.113558,CRH PLC,E100000131458,clinker,base,0.95,1152.4457506090996,419666.6771521271,483643.0787562098,419666.6771521271,33573334.17217017,0.8673865925901203,29121059.92948813,0.0,0.0,0.057530087952704,1931476.8677904727,0.0
0,,,,P100000125442_clinker,France,47.135208,5.552234,CRH PLC,E100000131458,clinker,alternative_fuels,0.95,707.1725756842251,262291.67324762,185485.47815104458,262291.67324762,20983333.8598096,0.8673865925901203,18200662.457841147,0.0,0.0,0.057530087952704,1207173.042495798,0.0
0,,,,P100000126435_clinker,Finland,61.031122,28.174977,CRH PLC,E100000131458,clinker,ccus,0.95,369.4320344149802,288549.69549786684,106599.5010376,288549.69549786684,23083975.639829345,0.8673865925901203,20022730.973664917,0.0,0.0,0.057530087952704,1328023.1488574587,0.0
0,,,,P100000126453_clinker,Ireland,52.641783,-8.68933,CRH PLC,E100000131458,clinker,alternative_fuels,0.71,757.3061045607061,313676.9895705467,237549.499062,313676.9895705467,25094159.165643737,0.8673865925901203,21766337.212601855,0.0,0.0,0.057530087952704,1443669.1838986373,0.0
0,,,,P100000126454_clinker,Ireland,53.684331,-6.387208,CRH PLC,E100000131458,clinker,alternative_fuels,0.71,897.0926541467152,1097869.4633675218,984890.630799,1097869.4633675218,87829557.06940174,0.8673865925901203,76182180.23512788,0.0,0.0,0.057530087952704,5052842.143049718,0.0
0,,,,P100000126459_clinker,Poland,50.930258,21.676405,CRH PLC,E100000131458,clinker,alternative_fuels,0.71,550.7625210535685,721457.0758734555,397351.51794,721457.0758734555,57716566.06987644,0.8673865925901203,50062575.57935268,0.0,0.0,0.057530087952704,3320439.122328043,0.0
0,,,,P100000126484_clinker,Romania,45.952218,25.282733,CRH PLC,E100000131458,clinker,alternative_fuels,0.95,543.4176390292149,776015.0583604663,421700.270865363,776015.0583604663,62081204.6688373,0.8673865925901203,53848404.58159266,0.0,0.0,0.057530087952704,3571537.164808028,0.0
0,,,,P100000126485_clinker,Romania,44.240612,28.31096,CRH PLC,E100000131458,clinker,alternative_fuels,0.95,425.43255448327096,1758967.4658377902,748322.0222443368,1758967.4658377902,140717397.2670232,0.8673865925901203,122056383.73359357,0.0,0.0,0.057530087952704,8095484.241247434,0.0
0,,,,P100000126497_clinker,Slovakia,48.457974,17.190614,CRH PLC,E100000131458,clinker,alternative_fuels,0.96,1052.9534209046062,814810.8826232571,857957.90624846,814810.8826232571,65184870.60986057,0.8673865925901203,56540482.80671483,0.0,0.0,0.057530087952704,3750091.3393709087,0.0
0,,,,P100000126498_clinker,Slovakia,48.592445,20.843385,CRH PLC,E100000131458,clinker,alternative_fuels,0.95,924.7931460803576,516256.32686593774,477430.31270624,516256.32686593774,41300506.14927502,0.8673865925901203,35823505.30106697,0.0,0.0,0.057530087952704,2376021.751258984,0.0
0,,,,P100000126705_clinker,Switzerland,47.413993,8.159599,CRH PLC,E100000131458,clinker,alternative_fuels,0.71,765.7399280898785,313676.9895705467,240194.9954372,313676.9895705467,25094159.165643737,0.8673865925901203,21766337.212601855,0.0,0.0,0.057530087952704,1443669.1838986373,0.0
0,,,,P100000126706_clinker,Switzerland,47.033286,7.029191,CRH PLC,E100000131458,clinker,alternative_fuels,0.71,789.2532090210774,117628.87109581672,92838.9639859,117628.87109581672,9410309.687665338,0.8673865925901203,8162376.455201836,0.0,0.0,0.057530087952704,541375.9439935694,0.0
0,,,,P100000127716_clinker,Spain,43.206524,-2.773979,CRH PLC,E100000131458,clinker,ccus,0.71,438.8895006192921,483993.79241673066,212419.79385661625,483993.79241673066,38719503.39333846,0.8673865925901203,33584778.11512944,0.0,0.0,0.057530087952704,2227536.4357037824,0.0
0,,,,P100000124810_grinding,Germany,49.016834,8.614441,CRH PLC,E100000131458,grinding,base,0.71,0.0,445234.99995634856,0.0,445234.99995634856,44523499.995634854,0.8673865925901203,38619086.95139995,0.0,0.0,0.057530087952704,2561440.870711089,0.0
0,,,,P100000125265_grinding,United Kingdom,51.396957,-3.391465,CRH PLC,E100000131458,grinding,base,0.95,0.0,278271.8750019364,0.0,278271.8750019364,27827187.50019364,0.8673865925901203,24136929.34715935,0.0,0.0,0.057530087952704,1600900.5443625255,0.0
0,,,,P100000125266_grinding,United Kingdom,53.26318,-1.855359,CRH PLC,E100000131458,grinding,base,0.95,0.0,556543.749942653,0.0,556543.749942653,55654374.9942653,0.8673865925901203,48273858.68900858,0.0,0.0,0.057530087952704,3201801.088372853,0.0
0,,,,P100000125267_grinding,United Kingdom,55.978765,-2.47217,CRH PLC,E100000131458,grinding,base,0.95,0.0,556543.749942653,0.0,556543.749942653,55654374.9942653,0.8673865925901203,48273858.68900858,0.0,0.0,0.057530087952704,3201801.088372853,0.0
0,,,,P100000125268,United Kingdom,52.907808,-0.905398,CRH PLC,E100000131458,grinding,base,0.75,0.0,128005.06249065034,0.0,128005.06249065034,12800506.249065034,0.8673865925901203,11102987.498805061,0.0,0.0,0.057530087952704,736414.2503478486,0.0
0,,,,P100000125439,France,50.586336,1.618612,CRH PLC,E100000131458,grinding,base,0.75,0.0,55648.80955843533,0.0,55648.80955843533,5564880.955843532,0.8673865925901203,4826903.130458773,0.0,0.0,0.057530087952704,320148.0908360059,0.0
0,,,,P100000125440_grinding,France,48.690169,6.965325,CRH PLC,E100000131458,grinding,base,0.95,0.0,500839.28603148286,0.0,500839.28603148286,50083928.60314829,0.8673865925901203,43442128.17461166,0.0,0.0,0.057530087952704,2881332.8175560688,0.0
0,,,,P100000125441_grinding,France,50.699243,2.113558,CRH PLC,E100000131458,grinding,base,0.95,0.0,445190.47645635286,0.0,445190.47645635286,44519047.645635284,0.8673865925901203,38615225.042704806,0.0,0.0,0.057530087952704,2561184.726624018,0.0
0,,,,P100000125442_grinding,France,47.135208,5.552234,CRH PLC,E100000131458,grinding,base,0.95,0.0,278244.0478144362,0.0,278244.0478144362,27824404.78144362,0.8673865925901203,24134515.65422463,0.0,0.0,0.057530087952704,1600740.454308089,0.0
0,,,,P100000125443,France,51.040897,2.318998,CRH PLC,E100000131458,grinding,base,0.75,0.0,150251.7858077754,0.0,150251.7858077754,15025178.580777539,0.8673865925901203,13032638.452238688,0.0,0.0,0.057530087952704,864399.845257216,0.0
0,,,,P100000125445,France,49.36755,1.005525,CRH PLC,E100000131458,grinding,base,0.75,0.0,139122.02389608833,0.0,139122.02389608833,13912202.389608832,0.8673865925901203,12067257.826146934,0.0,0.0,0.057530087952704,800370.2270900148,0.0
0,,,,P100000125446,France,47.314388,-2.115304,CRH PLC,E100000131458,grinding,base,0.75,0.0,333892.857350612,0.0,333892.857350612,33389285.7350612,0.8673865925901203,28961418.782752644,0.0,0.0,0.057530087952704,1920888.5450160357,0.0
0,,,,P100000125447,France,46.159814,-1.229423,CRH PLC,E100000131458,grinding,base,0.75,0.0,55648.80955843533,0.0,55648.80955843533,5564880.955843532,0.8673865925901203,4826903.130458773,0.0,0.0,0.057530087952704,320148.0908360059,0.0
0,,,,P100000126402,Belgium,51.24552,4.359448,CRH PLC,E100000131458,grinding,base,0.75,0.0,417407.812469512,0.0,417407.812469512,41740781.2469512,0.8673865925901203,36205394.01784259,0.0,0.0,0.057530087952704,2401350.81635168,0.0
0,,,,P100000126403,Belgium,51.166414,3.786123,CRH PLC,E100000131458,grinding,base,0.75,0.0,417407.812469512,0.0,417407.812469512,41740781.2469512,0.8673865925901203,36205394.01784259,0.0,0.0,0.057530087952704,2401350.81635168,0.0
0,,,,P100000126435_grinding,Finland,61.031122,28.174977,CRH PLC,E100000131458,grinding,base,0.95,0.0,306099.0624553804,0.0,306099.0624553804,30609906.24553804,0.8673865925901203,26550622.277820285,0.0,0.0,0.057530087952704,1760990.598529827,0.0
0,,,,P100000126436,Finland,60.285535,22.289311,CRH PLC,E100000131458,grinding,base,0.75,0.0,556543.7499593493,0.0,556543.7499593493,55654374.995934926,0.8673865925901203,48273858.690456785,0.0,0.0,0.057530087952704,3201801.0884689065,0.0
0,,,,P100000126437,Finland,64.663958,24.428403,CRH PLC,E100000131458,grinding,base,0.75,0.0,556543.7499593493,0.0,556543.7499593493,55654374.995934926,0.8673865925901203,48273858.690456785,0.0,0.0,0.057530087952704,3201801.0884689065,0.0
0,,,,P100000126453_grinding,Ireland,52.641783,-8.68933,CRH PLC,E100000131458,grinding,base,0.71,0.0,445234.99995634856,0.0,445234.99995634856,44523499.995634854,0.8673865925901203,38619086.95139995,0.0,0.0,0.057530087952704,2561440.870711089,0.0
0,,,,P100000126454_grinding,Ireland,53.684331,-6.387208,CRH PLC,E100000131458,grinding,base,0.71,0.0,1558322.4996635604,0.0,1558322.4996635604,155832249.96635604,0.8673865925901203,135166804.31396946,0.0,0.0,0.057530087952704,8965043.046432218,0.0
0,,,,P100000126459_grinding,Poland,50.930258,21.676405,CRH PLC,E100000131458,grinding,base,0.71,0.0,1024040.4997025852,0.0,1024040.4997025852,102404049.97025852,0.8673865925901203,88823899.97113095,0.0,0.0,0.057530087952704,5891314.001502068,0.0
0,,,,P100000126484_grinding,Romania,45.952218,25.282733,CRH PLC,E100000131458,grinding,base,0.95,0.0,823211.6876974907,0.0,823211.6876974907,82321168.76974908,0.8673865925901203,71404278.07722887,0.0,0.0,0.057530087952704,4735944.079693054,0.0
0,,,,P100000126485_grinding,Romania,44.240612,28.31096,CRH PLC,E100000131458,grinding,base,0.95,0.0,1865946.4923484703,0.0,1865946.4923484703,186594649.23484704,0.8673865925901203,161849696.99536267,0.0,0.0,0.057530087952704,10734806.581984702,0.0
0,,,,P100000126486,Romania,45.050275,23.226876,CRH PLC,E100000131458,grinding,base,0.75,0.0,530697.1347043621,0.0,530697.1347043621,53069713.470436215,0.8673865925901203,46031957.936855674,0.0,0.0,0.057530087952704,3053105.2835789956,0.0
0,,,,P100000126497_grinding,Slovakia,48.457974,17.190614,CRH PLC,E100000131458,grinding,base,0.96,0.0,855363.2202986093,0.0,855363.2202986093,85536322.02986093,0.8673865925901203,74193058.90817231,0.0,0.0,0.057530087952704,4920912.129528712,0.0
0,,,,P100000126498_grinding,Slovakia,48.592445,20.843385,CRH PLC,E100000131458,grinding,base,0.95,0.0,547654.63317389,0.0,547654.63317389,54765463.317389,0.8673865925901203,47502828.618489265,0.0,0.0,0.057530087952704,3150661.9214199735,0.0
0,,,,P100000126705_grinding,Switzerland,47.413993,8.159599,CRH PLC,E100000131458,grinding,base,0.71,0.0,445234.99995634856,0.0,445234.99995634856,44523499.995634854,0.8673865925901203,38619086.95139995,0.0,0.0,0.057530087952704,2561440.870711089,0.0
0,,,,P100000126706_grinding,Switzerland,47.033286,7.029191,CRH PLC,E100000131458,grinding,base,0.71,0.0,166963.12499337023,0.0,166963.12499337023,16696312.499337023,0.8673865925901203,14482157.607619775,0.0,0.0,0.057530087952704,960540.32657269,0.0
0,,,,P100000127716_grinding,Spain,43.206524,-2.773979,CRH PLC,E100000131458,grinding,base,0.71,0.0,686983.6912186751,0.0,686983.6912186751,68698369.12186751,0.8673865925901203,59588044.30911499,0.0,0.0,0.057530087952704,3952223.2177883624,0.0
0,,,,E100000131458_other,Various,,,CRH PLC,E100000131458,other,base,0.0,0.0,297763235.6381477,0.0,297763235.6381477,29776323563.81477,0.8673865925901203,25827583835.8782,0.0,0.0,0.057530087952704,1713034513.5344362,0.0
0,,,,P100000126404_clinker,Belgium,50.600931,3.487836,Cementir Holding NV,E100002005093,clinker,base,0.95,682.1767336801089,1206662.363288691,823156.9896430001,1206662.363288691,96532989.06309529,0.7863048589341692,75904358.34775084,0.0,0.0,0.0666144200626959,6430489.083356658,0.0
0,,,,P100000126433_clinker,Denmark,57.062127,9.977001,Cementir Holding NV,E100002005093,clinker,ccus,0.97,519.2192887463875,1265813.6698789443,657234.87336,1265813.6698789443,101265093.59031555,0.7863048589341692,79625235.13048851,0.0,0.0,0.0666144200626959,6745715.482113494,0.0
0,,,,P100000126404_grinding,Belgium,50.600931,3.487836,Cementir Holding NV,E100002005093,grinding,base,0.95,0.0,1280050.625129121,0.0,1280050.625129121,128005062.5129121,0.7863048589341692,100651002.62207486,0.0,0.0,0.0666144200626959,8526983.004386773,0.0
0,,,,P100000126433_grinding,Denmark,57.062127,9.977001,Cementir Holding NV,E100002005093,grinding,base,0.97,0.0,1315112.8809869792,0.0,1315112.8809869792,131511288.09869793,0.7863048589341692,103407964.83669756,0.0,0.0,0.0666144200626959,8760548.188392883,0.0
0,,,,E100002005093_other,Various,,,Cementir Holding NV,E100002005093,other,base,0.0,0.0,12440189.000683123,0.0,12440189.000683123,1244018900.0683124,0.7863048589341692,978178105.7296548,0.0,0.0,0.0666144200626959,82869597.57508348,0.0
0,,,,P100000125223_clinker,Spain,41.406692,1.998697,Cementos Molins SA,E100002005937,clinker,alternative_fuels,0.71,651.5875769377648,697931.301694286,454763.36574,697931.301694286,55834504.135542884,0.8226586102719036,45932735.57736656,0.0,0.0,0.0543806646525679,3036317.445437373,0.0
0,,,,P100000127717_clinker,Spain,41.402821,2.054826,Cementos Molins SA,E100002005937,clinker,base,0.71,651.5875769377648,697931.301694286,454763.36574,697931.301694286,55834504.135542884,0.8226586102719036,45932735.57736656,0.0,0.0,0.0543806646525679,3036317.445437373,0.0
0,,,,P100000125223_grinding,Spain,41.406692,1.998697,Cementos Molins SA,E100002005937,grinding,base,0.71,0.0,990647.8747606786,0.0,990647.8747606786,99064787.47606786,0.8226586102719036,81496500.39194345,0.0,0.0,0.0543806646525679,5387208.986613954,0.0
0,,,,P100000126420,Croatia,44.865607,13.828335,Cementos Molins SA,E100002005937,grinding,base,0.75,0.0,55654.37499593493,0.0,55654.37499593493,5565437.499593493,0.8226586102719036,4578455.07897072,0.0,0.0,0.0543806646525679,302652.1903102197,0.0
0,,,,P100000127717_grinding,Spain,41.402821,2.054826,Cementos Molins SA,E100002005937,grinding,base,0.71,0.0,990647.8747606786,0.0,990647.8747606786,99064787.47606786,0.8226586102719036,81496500.39194345,0.0,0.0,0.0543806646525679,5387208.986613954,0.0
0,,,,E100002005937_other,Various,,,Cementos Molins SA,E100002005937,other,base,0.0,0.0,7879693.126105182,0.0,7879693.126105182,787969312.6105182,0.8226586102719036,648229739.6490761,0.0,0.0,0.0543806646525679,42850294.94558703,0.0
0,,,,P100000127719_clinker,Spain,37.359736,-5.865094,Fomento de Construcciones y Contratas SA,E100002003558,clinker,alternative_fuels,0.71,732.4301826556593,563024.7101542923,412376.29129795794,563024.7101542923,45041976.81234338,0.8433223973753701,37984907.86791125,0.0,0.0,0.0925822197327358,4170086.1944371657,0.0
0,,,,P100000127720_clinker,Spain,40.244961,-3.474441,Fomento de Construcciones y Contratas SA,E100002003558,clinker,alternative_fuels,0.79,819.236368334765,1252928.2279282478,1026444.3712320504,1252928.2279282478,100234258.23425981,0.8433223973753701,84529794.95325792,0.0,0.0,0.0925822197327358,9279910.120592024,0.0
0,,,,P100000127721_clinker,Spain,41.941676,-4.46587,Fomento de Construcciones y Contratas SA,E100002003558,clinker,alternative_fuels,0.71,943.5638535491898,316458.71631994477,298599.005860077,316458.71631994477,25316697.30559558,0.8433223973753701,21350137.86538144,0.0,0.0,0.0925822197327358,2343876.03285381,0.0
0,,,,P100000127722_clinker,Spain,42.874825,-4.15978,Fomento de Construcciones y Contratas SA,E100002003558,clinker,alternative_fuels,0.71,902.7436937742509,322283.1098953575,290939.04506798787,322283.1098953575,25782648.7916286,0.8433223973753701,21743085.18964342,0.0,0.0,0.0925822197327358,2387014.855718514,0.0
0,,,,P100000127724_clinker,Spain,42.882983,-2.190187,Fomento de Construcciones y Contratas SA,E100002003558,clinker,alternative_fuels,0.71,558.5414513836937,409649.0131770858,228805.95437782738,409649.0131770858,32771921.05416686,0.8433223973753701,27637295.02999636,0.0,0.0,0.0925822197327358,3034097.1961007467,0.0
0,,,,P100000127719_grinding,Spain,37.359736,-5.865094,Fomento de Construcciones y Contratas SA,E100002003558,grinding,base,0.71,0.0,799160.6497632217,0.0,799160.6497632217,79916064.97632217,0.8433223973753701,67395007.50463787,0.0,0.0,0.0925822197327358,7398806.687813451,0.0
0,,,,P100000127720_grinding,Spain,40.244961,-3.474441,Fomento de Construcciones y Contratas SA,E100002003558,grinding,base,0.79,0.0,1598321.299140642,0.0,1598321.299140642,159832129.9140642,0.8433223973753701,134790014.9767402,0.0,0.0,0.0925822197327358,14797613.372055065,0.0
0,,,,P100000127721_grinding,Spain,41.941676,-4.46587,Fomento de Construcciones y Contratas SA,E100002003558,grinding,base,0.71,0.0,449183.3995850317,0.0,449183.3995850317,44918339.958503164,0.8433223973753701,37880642.13992677,0.0,0.0,0.0925822197327358,4158639.6200678665,0.0
0,,,,P100000127722_grinding,Spain,42.874825,-4.15978,Fomento de Construcciones y Contratas SA,E100002003558,grinding,base,0.71,0.0,457450.57875187154,0.0,457450.57875187154,45745057.87518715,0.8433223973753701,38577831.87537788,0.0,0.0,0.0925822197327358,4235178.999887293,0.0
0,,,,P100000127723,Spain,41.312818,1.663401,Fomento de Construcciones y Contratas SA,E100002003558,grinding,base,0.75,0.0,992061.4960525385,0.0,992061.4960525385,99206149.60525385,0.8433223973753701,83662767.91948229,0.0,0.0,0.0925822197327358,9184725.541592272,0.0
0,,,,P100000127724_grinding,Spain,42.882983,-2.190187,Fomento de Construcciones y Contratas SA,E100002003558,grinding,base,0.71,0.0,581458.2657584389,0.0,581458.2657584389,58145826.575843886,0.8433223973753701,49035677.86531317,0.0,0.0,0.0925822197327358,5383269.692586327,0.0
0,,,,E100002003558_other,Various,,,Fomento de Construcciones y Contratas SA,E100002003558,other,base,0.0,0.0,76144222.62230165,0.0,76144222.62230165,7614422262.2301655,0.8433223973753701,6421412836.812332,0.0,0.0,0.0925822197327358,704960115.0196284,0.0
0,,,,P100000125272_clinker,United Kingdom,53.888815,-2.384526,Heidelberg Materials AG,E100000000414,clinker,alternative_fuels,0.95,847.1841857945793,682026.5528871692,577802.109898,682026.5528871692,54562124.230973534,0.8217849879392707,44838334.603091575,0.0,0.0,0.0642450614072427,3505347.0217285,0.0
0,,,,P100000125273_clinker,United Kingdom,53.152666,-3.061241,Heidelberg Materials AG,E100000000414,clinker,ccus,0.95,481.8656304419389,524635.8100185378,252803.965347,524635.8100185378,41970864.80148302,0.8217849879392707,34491026.624687485,0.0,0.0,0.0642450614072427,2696420.786486358,0.0
0,,,,P100000125274_clinker,United Kingdom,52.640024,-0.546864,Heidelberg Materials AG,E100000000414,clinker,ccus,0.95,330.8393395063739,682026.5528871692,225641.214283,682026.5528871692,54562124.230973534,0.8217849879392707,44838334.603091575,0.0,0.0,0.0642450614072427,3505347.0217285,0.0
0,,,,P100000125393_clinker,Italy,41.736654,13.003812,Heidelberg Materials AG,E100000000414,clinker,alternative_fuels,0.95,818.6495822589237,786953.7149989518,644239.330041,786953.7149989518,62956297.19991614,0.8217849879392707,51736539.935134225,0.0,0.0,0.0642450614072427,4044631.179581234,0.0
0,,,,P100000125394_clinker,Italy,38.191648,13.249582,Heidelberg Materials AG,E100000000414,clinker,alternative_fuels,0.95,859.8701554681279,472172.2290360956,406006.807989,472172.2290360956,37773778.32288765,0.8217849879392707,31041923.96349491,0.0,0.0,0.0642450614072427,2426778.7079374907,0.0
0,,,,P100000125395_clinker,Italy,40.675268,16.656469,Heidelberg Materials AG,E100000000414,clinker,alternative_fuels,0.95,893.042875058232,692519.2692452455,618449.3992399999,692519.2692452455,55401541.53961964,0.8217849879392707,45528155.14595333,0.0,0.0,0.0642450614072427,3559275.4382687714,0.0
0,,,,P100000125396_clinker,Italy,45.515415,10.344628,Heidelberg Materials AG,E100000000414,clinker,alternative_fuels,0.96,1012.8221422249475,689205.7797596657,698042.87429,689205.7797596657,55136462.38077326,0.8217849879392707,45310317.07259781,0.0,0.0,0.0642450614072427,3542245.4114309056,0.0
0,,,,P100000125397_clinker,Italy,39.469855,9.024432,Heidelberg Materials AG,E100000000414,clinker,alternative_fuels,0.95,596.7519595113544,498404.019516824,297423.575275,498404.019516824,39872321.56134592,0.8217849879392707,32766475.29340138,0.0,0.0,0.0642450614072427,2561599.747157996,0.0
0,,,,P100000125398_clinker,Italy,45.685497,9.467038,Heidelberg Materials AG,E100000000414,clinker,alternative_fuels,0.95,507.3732178156524,786953.7149989518,399279.238651,786953.7149989518,62956297.19991614,0.8217849879392707,51736539.935134225,0.0,0.0,0.0642450614072427,4044631.179581234,0.0
0,,,,P100000125399_clinker,Italy,42.464,13.258355,Heidelberg Materials AG,E100000000414,clinker,alternative_fuels,0.95,679.4244670400891,262317.90503812383,178225.2028256,262317.90503812383,20985432.40304991,0.8217849879392707,17245513.31424075,0.0,0.0,0.0642450614072427,1348210.3933914823,0.0
0,,,,P100000125400_clinker,Italy,45.716497,10.047073,Heidelberg Materials AG,E100000000414,clinker,alternative_fuels,0.95,664.0085852963535,314781.48602056614,209017.60921,314781.48602056614,25182518.881645292,0.8217849879392707,20694615.97543333,0.0,0.0,0.0642450614072427,1617852.4719403507,0.0
0,,,,P100000125404_clinker,Italy,41.456108,14.551309,Heidelberg Materials AG,E100000000414,clinker,alternative_fuels,0.95,660.5696933223699,131158.95251906192,86639.629042,131158.95251906192,10492716.201524954,0.8217849879392707,8622756.657120375,0.0,0.0,0.0642450614072427,674105.1966957411,0.0
0,,,,P100000125410,Italy,40.722748,15.776727,Heidelberg Materials AG,E100000000414,clinker,base,0.71,870.0,16567.446632661376,14413.678570415399,16567.446632661376,1325395.7306129101,0.8217849879392707,1089190.314496491,0.0,0.0,0.0642450614072427,85150.13010212372,0.0
0,,,,P100000125419_clinker,Italy,46.040309,10.963933,Heidelberg Materials AG,E100000000414,clinker,alternative_fuels,0.71,850.0,55224.82210887125,46941.098792540564,55224.82210887125,4417985.768709701,0.8217849879392707,3630634.381654971,0.0,0.0,0.0642450614072427,283833.7670070791,0.0
0,,,,P100000125464_clinker,France,46.809924,-0.13865,Heidelberg Materials AG,E100000000414,clinker,ccus,0.95,364.3451988387924,1091242.4849762232,397588.96017,1091242.4849762232,87299398.79809785,0.8217849879392707,71741335.38840042,0.0,0.0,0.0642450614072427,5608555.236599166,0.0
0,,,,P100000125465_clinker,France,43.804969,4.621028,Heidelberg Materials AG,E100000000414,clinker,alternative_fuels,0.95,907.4562431595709,367245.06703448656,333258.82885,367245.06703448656,29379605.362758927,0.8217849879392707,24143718.638695378,0.0,0.0,0.0642450614072427,1887494.5506510043,0.0
0,,,,P100000125466_clinker,France,45.225372,-0.364636,Heidelberg Materials AG,E100000000414,clinker,alternative_fuels,0.95,580.9716989524229,288549.69549786684,167639.2068256,288549.69549786684,23083975.639829345,0.8217849879392707,18970064.64276758,0.0,0.0,0.0642450614072427,1483031.432504131,0.0
0,,,,P100000125469,France,44.643067,4.755401,Heidelberg Materials AG,E100000000414,clinker,base,0.71,870.0,55224.82210887125,48045.595234717985,55224.82210887125,4417985.768709701,0.8217849879392707,3630634.381654971,0.0,0.0,0.0642450614072427,283833.7670070791,0.0
0,,,,P100000125501_clinker,France,47.587434,0.329472,Heidelberg Materials AG,E100000000414,clinker,base,0.95,1219.4530948100467,152144.38490469396,185532.94103,152144.38490469396,12171550.792375516,0.8217849879392707,10002397.721114535,0.0,0.0,0.0642450614072427,781962.0280775386,0.0
0,,,,P100000125502_clinker,France,48.767925,4.564557,Heidelberg Materials AG,E100000000414,clinker,alternative_fuels,0.95,958.5223231125437,524635.8100185378,502875.135407,524635.8100185378,41970864.80148302,0.8217849879392707,34491026.624687485,0.0,0.0,0.0642450614072427,2696420.786486358,0.0
0,,,,P100000125503_clinker,France,47.083611,3.002752,Heidelberg Materials AG,E100000000414,clinker,base,0.95,850.951919329853,225593.39832523177,191969.135293,225593.39832523177,18047471.86601854,0.8217849879392707,14831141.449750373,0.0,0.0,0.0642450614072427,1159460.9382778462,0.0
0,,,,P100000125505_clinker,France,49.223238,-0.275059,Heidelberg Materials AG,E100000000414,clinker,ccus,0.95,392.8115620358607,262317.90503812383,103041.506028,262317.90503812383,20985432.40304991,0.8217849879392707,17245513.31424075,0.0,0.0,0.0642450614072427,1348210.3933914823,0.0
0,,,,P100000125763_clinker,Germany,49.213229,12.028911,Heidelberg Materials AG,E100000000414,clinker,alternative_fuels,0.95,660.8737762317502,577099.39105869,381389.85383,577099.39105869,46167951.2846952,0.8217849879392707,37940129.28967408,0.0,0.0,0.0642450614072427,2966062.865331833,0.0
0,,,,P100000125764_clinker,Germany,51.857854,8.030947,Heidelberg Materials AG,E100000000414,clinker,ccus,0.95,368.67922545959163,524635.8100185378,193422.324086,524635.8100185378,41970864.80148302,0.8217849879392707,34491026.624687485,0.0,0.0,0.0642450614072427,2696420.786486358,0.0
0,,,,P100000125765_clinker,Germany,52.374826,9.876967,Heidelberg Materials AG,E100000000414,clinker,ccus,0.95,383.5729808040468,367245.06703448656,140865.285048,367245.06703448656,29379605.362758927,0.8217849879392707,24143718.638695378,0.0,0.0,0.0642450614072427,1887494.5506510043,0.0
0,,,,P100000125767_clinker,Germany,51.698605,8.745713,Heidelberg Materials AG,E100000000414,clinker,alternative_fuels,0.95,643.0747066179546,209854.3240189571,134952.007851,209854.3240189571,16788345.921516567,0.8217849879392707,13796410.650633797,0.0,0.0,0.0642450614072427,1078568.3146538644,0.0
0,,,,P100000125768_clinker,Germany,48.368754,9.734887,Heidelberg Materials AG,E100000000414,clinker,alternative_fuels,0.95,701.0174105579289,734490.1342053784,514890.371961,734490.1342053784,58759210.73643027,0.8217849879392707,48287437.286358416,0.0,0.0,0.0642450614072427,3774989.1020030775,0.0
0,,,,P100000125769_clinker,Germany,49.808035,9.618507,Heidelberg Materials AG,E100000000414,clinker,ccus,0.95,379.92968810679724,524635.8100185378,199324.71967,524635.8100185378,41970864.80148302,0.8217849879392707,34491026.624687485,0.0,0.0,0.0642450614072427,2696420.786486358,0.0
0,,,,P100000125770_clinker,Germany,51.618024,8.510145,Heidelberg Materials AG,E100000000414,clinker,ccus,0.95,337.696058997173,472172.2290360956,159450.7009134,472172.2290360956,37773778.32288765,0.8217849879392707,31041923.96349491,0.0,0.0,0.0642450614072427,2426778.7079374907,0.0
0,,,,P100000125796_clinker,Germany,50.584335,9.509333,Heidelberg Materials AG,E100000000414,clinker,alternative_fuels,0.95,661.3568133474782,99943.12181952519,66098.06456256,99943.12181952519,7995449.745562015,0.8217849879392707,6570540.572725725,0.0,0.0,0.0642450614072427,513668.1598821547,0.0
0,,,,P100000126406_clinker,Belgium,50.575421,3.442324,Heidelberg Materials AG,E100000000414,clinker,ccus,0.95,324.5894541858596,419708.6480169288,136233.0009769,419708.6480169288,33576691.8413543,0.8217849879392707,27592821.299887955,0.0,0.0,0.0642450614072427,2157136.6291998723,0.0
0,,,,P100000126407_clinker,Belgium,50.764874,5.672481,Heidelberg Materials AG,E100000000414,clinker,ccus,0.95,365.9889191569337,786953.7149989518,288016.339579,786953.7149989518,62956297.19991614,0.8217849879392707,51736539.935134225,0.0,0.0,0.0642450614072427,4044631.179581234,0.0
0,,,,P100000126416_clinker,Bulgaria,43.234634,27.59512,Heidelberg Materials AG,E100000000414,clinker,ccus,0.95,260.9537941240592,786953.7149989518,205358.557729,786953.7149989518,62956297.19991614,0.8217849879392707,51736539.935134225,0.0,0.0,0.0642450614072427,4044631.179581234,0.0
0,,,,P100000126426_clinker,Cyprus,34.722868,33.316229,Heidelberg Materials AG,E100000000414,clinker,alternative_fuels,0.96,469.40979702220847,275470.2486368137,129308.43349826403,275470.2486368137,22037619.8909451,0.8217849879392707,18110185.19629055,0.0,0.0,0.0642450614072427,1415808.243163241,0.0
0,,,,P100000126430_clinker,Czech Republic,49.215741,16.773065,Heidelberg Materials AG,E100000000414,clinker,base,0.95,1067.04366646497,524635.8100185378,559809.318281,524635.8100185378,41970864.80148302,0.8217849879392707,34491026.624687485,0.0,0.0,0.0642450614072427,2696420.786486358,0.0
0,,,,P100000126431_clinker,Czech Republic,49.995616,14.341284,Heidelberg Materials AG,E100000000414,clinker,base,0.95,978.8093141779389,419708.6480169288,410814.73392,419708.6480169288,33576691.8413543,0.8217849879392707,27592821.299887955,0.0,0.0,0.0642450614072427,2157136.6291998723,0.0
0,,,,P100000126448_clinker,Hungary,45.811509,18.39802,Heidelberg Materials AG,E100000000414,clinker,alternative_fuels,0.95,1044.7866108783203,367245.0671026892,383692.72901999997,367245.0671026892,29379605.368215136,0.8217849879392707,24143718.643179208,0.0,0.0,0.0642450614072427,1887494.5510015388,0.0
0,,,,P100000126449_clinker,Hungary,47.809512,19.101503,Heidelberg Materials AG,E100000000414,clinker,alternative_fuels,0.95,946.4347953439787,209854.3240084644,198613.434195,209854.3240084644,16788345.92067715,0.8217849879392707,13796410.649943978,0.0,0.0,0.0642450614072427,1078568.3145999361,0.0
0,,,,P100000126467_clinker,Poland,50.534237,17.977674,Heidelberg Materials AG,E100000000414,clinker,ccus,0.95,252.67172872597823,1573907.430155294,397681.911232,1573907.430155294,125912594.41242352,0.8217849879392707,103473079.88061574,0.0,0.0,0.0642450614072427,8089262.359971394,0.0
0,,,,P100000126482_clinker,Norway,68.094459,16.376107,Heidelberg Materials AG,E100000000414,clinker,alternative_fuels,0.95,813.6062779587319,262317.90503812383,213423.49436,262317.90503812383,20985432.40304991,0.8217849879392707,17245513.31424075,0.0,0.0,0.0642450614072427,1348210.3933914823,0.0
0,,,,P100000126483_clinker,Norway,59.061659,9.690074,Heidelberg Materials AG,E100000000414,clinker,ccus,0.95,409.76170719599145,629562.9721827839,257970.798269,629562.9721827839,50365037.77462271,0.8217849879392707,41389231.96017923,0.0,0.0,0.0642450614072427,3235704.9446087345,0.0
0,,,,P100000126487_clinker,Romania,45.954915,22.867672,Heidelberg Materials AG,E100000000414,clinker,alternative_fuels,0.95,686.5701646935775,865649.0866090205,594328.83596,865649.0866090205,69251926.92872164,0.8217849879392707,56910193.935890764,0.0,0.0,0.0642450614072427,4449094.298105606,0.0
0,,,,P100000126488_clinker,Romania,45.121984,25.416811,Heidelberg Materials AG,E100000000414,clinker,base,0.71,620.5632711126946,980240.5925108838,608301.308566,980240.5925108838,78419247.40087071,0.8217849879392707,64443760.27953122,0.0,0.0,0.0642450614072427,5038049.364778697,0.0
0,,,,P100000126489_clinker,Romania,46.903414,26.073014,Heidelberg Materials AG,E100000000414,clinker,alternative_fuels,0.95,587.1778688145686,1573907.430155294,924163.61055,1573907.430155294,125912594.41242352,0.8217849879392707,103473079.88061574,0.0,0.0,0.0642450614072427,8089262.359971394,0.0
0,,,,P100000126703_clinker,Sweden,58.384739,13.826683,Heidelberg Materials AG,E100000000414,clinker,alternative_fuels,0.95,720.0254453436646,382984.1413040367,275758.326902,382984.1413040367,30638731.304322936,0.8217849879392707,25178449.43539758,0.0,0.0,0.0642450614072427,1968387.1740862364,0.0
0,,,,P100000126704_clinker,Sweden,57.709953,18.803934,Heidelberg Materials AG,E100000000414,clinker,ccus,0.95,313.4300020955522,1311589.525190619,411091.507629,1311589.525190619,104927162.01524952,0.8217849879392707,86227566.57120372,0.0,0.0,0.0642450614072427,6741051.96695741,0.0
0,,,,P100000127601_clinker,Spain,39.436556,-0.77638,Heidelberg Materials AG,E100000000414,clinker,alternative_fuels,0.87,732.602758687536,331514.60711955413,242868.515721,331514.60711955413,26521168.56956433,0.8217849879392707,21794698.19307479,0.0,0.0,0.0642450614072427,1703854.1033434956,0.0
0,,,,P100000127730_clinker,Spain,40.576824,0.54329,Heidelberg Materials AG,E100000000414,clinker,alternative_fuels,0.71,879.3303829443055,856730.2778251837,753348.96328,856730.2778251837,68538422.2260147,0.8217849879392707,56323846.48238213,0.0,0.0,0.0642450614072427,4403255.144665843,0.0
0,,,,P100000127731_clinker,Spain,38.378014,-0.542867,Heidelberg Materials AG,E100000000414,clinker,alternative_fuels,0.79,579.3630628435039,593771.7647887452,344009.428278,593771.7647887452,47501741.18309961,0.8217849879392707,39036217.80524787,0.0,0.0,0.0642450614072427,3051752.2792591844,0.0
0,,,,P100000127732_clinker,Spain,39.934332,-3.74396,Heidelberg Materials AG,E100000000414,clinker,alternative_fuels,0.71,886.3539980516175,678326.4898456368,601237.3962590001,678326.4898456368,54266119.18765094,0.8217849879392707,44595082.10213476,0.0,0.0,0.0642450614072427,3486330.159543386,0.0
0,,,,P100000127733_clinker,Spain,41.475476,-1.486787,Heidelberg Materials AG,E100000000414,clinker,alternative_fuels,0.71,633.8527875007613,548934.731879809,347943.809958,548934.731879809,43914778.55038472,0.8217849879392707,36088505.76138365,0.0,0.0,0.0642450614072427,2821307.644654931,0.0
0,,,,P100000125272_grinding,United Kingdom,53.888815,-2.384526,Heidelberg Materials AG,E100000000414,grinding,base,0.95,0.0,723506.874780191,0.0,723506.874780191,72350687.4780191,0.8217849879392707,59456708.83652187,0.0,0.0,0.0642450614072427,4648174.359881563,0.0
0,,,,P100000125273_grinding,United Kingdom,53.152666,-3.061241,Heidelberg Materials AG,E100000000414,grinding,base,0.95,0.0,556543.749942653,0.0,556543.749942653,55654374.9942653,0.8217849879392707,45735929.88342996,0.0,0.0,0.0642450614072427,3575518.739088287,0.0
0,,,,P100000125274_grinding,United Kingdom,52.640024,-0.546864,Heidelberg Materials AG,E100000000414,grinding,base,0.95,0.0,723506.874780191,0.0,723506.874780191,72350687.4780191,0.8217849879392707,59456708.83652187,0.0,0.0,0.0642450614072427,4648174.359881563,0.0
0,,,,P100000125275,United Kingdom,54.594983,-1.16895,Heidelberg Materials AG,E100000000414,grinding,base,0.75,0.0,55654.37499593493,0.0,55654.37499593493,5565437.499593493,0.8217849879392707,4573592.988480203,0.0,0.0,0.0642450614072427,357551.8739195552,0.0
0,,,,P100000125276,United Kingdom,51.471787,0.261654,Heidelberg Materials AG,E100000000414,grinding,base,0.75,0.0,556543.7499593493,0.0,556543.7499593493,55654374.995934926,0.8217849879392707,45735929.88480203,0.0,0.0,0.0642450614072427,3575518.739195552,0.0
0,,,,P100000125277,United Kingdom,51.584682,-3.787306,Heidelberg Materials AG,E100000000414,grinding,base,0.75,0.0,55654.37499593493,0.0,55654.37499593493,5565437.499593493,0.8217849879392707,4573592.988480203,0.0,0.0,0.0642450614072427,357551.8739195552,0.0
0,,,,P100000125379,Italy,42.37468,11.578076,Heidelberg Materials AG,E100000000414,grinding,base,0.75,0.0,55654.37499593493,0.0,55654.37499593493,5565437.499593493,0.8217849879392707,4573592.988480203,0.0,0.0,0.0642450614072427,357551.8739195552,0.0
0,,,,P100000125393_grinding,Italy,41.736654,13.003812,Heidelberg Materials AG,E100000000414,grinding,base,0.95,0.0,834815.6248833695,0.0,834815.6248833695,83481562.48833695,0.8217849879392707,68603894.82262945,0.0,0.0,0.0642450614072427,5363278.108435776,0.0
0,,,,P100000125394_grinding,Italy,38.191648,13.249582,Heidelberg Materials AG,E100000000414,grinding,base,0.95,0.0,500889.3749689798,0.0,500889.3749689798,50088937.49689798,0.8217849879392707,41162336.89677919,0.0,0.0,0.0642450614072427,3217966.8653117525,0.0
0,,,,P100000125395_grinding,Italy,40.675268,16.656469,Heidelberg Materials AG,E100000000414,grinding,base,0.95,0.0,734637.749946341,0.0,734637.749946341,73463774.9946341,0.8217849879392707,60371427.44793869,0.0,0.0,0.0642450614072427,4719684.735738129,0.0
0,,,,P100000125396_grinding,Italy,45.515415,10.344628,Heidelberg Materials AG,E100000000414,grinding,base,0.96,0.0,723506.874780191,0.0,723506.874780191,72350687.4780191,0.8217849879392707,59456708.83652187,0.0,0.0,0.0642450614072427,4648174.359881563,0.0
0,,,,P100000125397_grinding,Italy,39.469855,9.024432,Heidelberg Materials AG,E100000000414,grinding,base,0.95,0.0,528716.5624446855,0.0,528716.5624446855,52871656.24446855,0.8217849879392707,43449133.389189854,0.0,0.0,0.0642450614072427,3396742.802128509,0.0
0,,,,P100000125398_grinding,Italy,45.685497,9.467038,Heidelberg Materials AG,E100000000414,grinding,base,0.95,0.0,834815.6248833695,0.0,834815.6248833695,83481562.48833695,0.8217849879392707,68603894.82262945,0.0,0.0,0.0642450614072427,5363278.108435776,0.0
0,,,,P100000125399_grinding,Italy,42.464,13.258355,Heidelberg Materials AG,E100000000414,grinding,base,0.95,0.0,278271.8750019364,0.0,278271.8750019364,27827187.50019364,0.8217849879392707,22867964.944230456,0.0,0.0,0.0642450614072427,1787759.369740797,0.0
0,,,,P100000125400_grinding,Italy,45.716497,10.047073,Heidelberg Materials AG,E100000000414,grinding,base,0.95,0.0,333926.2499756096,0.0,333926.2499756096,33392624.99756096,0.8217849879392707,27441557.93088122,0.0,0.0,0.0642450614072427,2145311.243517332,0.0
0,,,,P100000125401,Italy,44.779652,8.769785,Heidelberg Materials AG,E100000000414,grinding,base,0.75,0.0,55654.37499593493,0.0,55654.37499593493,5565437.499593493,0.8217849879392707,4573592.988480203,0.0,0.0,0.0642450614072427,357551.8739195552,0.0
0,,,,P100000125402,Italy,39.834525,16.246373,Heidelberg Materials AG,E100000000414,grinding,base,0.75,0.0,55654.37499593493,0.0,55654.37499593493,5565437.499593493,0.8217849879392707,4573592.988480203,0.0,0.0,0.0642450614072427,357551.8739195552,0.0
0,,,,P100000125403,Italy,40.661423,14.868683,Heidelberg Materials AG,E100000000414,grinding,base,0.75,0.0,55654.37499593493,0.0,55654.37499593493,5565437.499593493,0.8217849879392707,4573592.988480203,0.0,0.0,0.0642450614072427,357551.8739195552,0.0
0,,,,P100000125404_grinding,Italy,41.456108,14.551309,Heidelberg Materials AG,E100000000414,grinding,base,0.95,0.0,139135.9375009682,0.0,139135.9375009682,13913593.75009682,0.8217849879392707,11433982.472115228,0.0,0.0,0.0642450614072427,893879.6848703985,0.0
0,,,,P100000125405,Italy,44.475844,12.253536,Heidelberg Materials AG,E100000000414,grinding,base,0.75,0.0,55654.37499593493,0.0,55654.37499593493,5565437.499593493,0.8217849879392707,4573592.988480203,0.0,0.0,0.0642450614072427,357551.8739195552,0.0
0,,,,P100000125419_grinding,Italy,46.040309,10.963933,Heidelberg Materials AG,E100000000414,grinding,base,0.71,0.0,139135.93748983732,0.0,139135.93748983732,13913593.748983731,0.8217849879392707,11433982.471200507,0.0,0.0,0.0642450614072427,893879.684798888,0.0
0,,,,P100000125421,Italy,43.564241,10.30661,Heidelberg Materials AG,E100000000414,grinding,base,0.75,0.0,55654.37499593493,0.0,55654.37499593493,5565437.499593493,0.8217849879392707,4573592.988480203,0.0,0.0,0.0642450614072427,357551.8739195552,0.0
0,,,,P100000125464_grinding,France,46.809924,-0.13865,Heidelberg Materials AG,E100000000414,grinding,base,0.95,0.0,1157611.0000267553,0.0,1157611.0000267553,115761100.00267553,0.8217849879392707,95130734.16953541,0.0,0.0,0.0642450614072427,7437078.978241853,0.0
0,,,,P100000125465_grinding,France,43.804969,4.621028,Heidelberg Materials AG,E100000000414,grinding,base,0.95,0.0,389580.6249826754,0.0,389580.6249826754,38958062.49826754,0.8217849879392707,32015150.920276143,0.0,0.0,0.0642450614072427,2502863.117508397,0.0
0,,,,P100000125466_grinding,France,45.225372,-0.364636,Heidelberg Materials AG,E100000000414,grinding,base,0.95,0.0,306099.0624553804,0.0,306099.0624553804,30609906.24553804,0.8217849879392707,25154761.434811685,0.0,0.0,0.0642450614072427,1966535.3064145334,0.0
0,,,,P100000125470,France,48.980305,1.820513,Heidelberg Materials AG,E100000000414,grinding,base,0.75,0.0,1113087.4999186986,0.0,1113087.4999186986,111308749.99186985,0.8217849879392707,91471859.76960406,0.0,0.0,0.0642450614072427,7151037.478391104,0.0
0,,,,P100000125501_grinding,France,47.587434,0.329472,Heidelberg Materials AG,E100000000414,grinding,base,0.95,0.0,161397.68748264588,0.0,161397.68748264588,16139768.748264588,0.8217849879392707,13263419.666135233,0.0,0.0,0.0642450614072427,1036900.4343309551,0.0
0,,,,P100000125502_grinding,France,48.767925,4.564557,Heidelberg Materials AG,E100000000414,grinding,base,0.95,0.0,556543.749942653,0.0,556543.749942653,55654374.9942653,0.8217849879392707,45735929.88342996,0.0,0.0,0.0642450614072427,3575518.739088287,0.0
0,,,,P100000125503_grinding,France,47.083611,3.002752,Heidelberg Materials AG,E100000000414,grinding,base,0.95,0.0,239313.81249365103,0.0,239313.81249365103,23931381.249365102,0.8217849879392707,19666449.85137959,0.0,0.0,0.0642450614072427,1537473.0579255975,0.0
0,,,,P100000125504,France,49.257298,6.125371,Heidelberg Materials AG,E100000000414,grinding,base,0.75,0.0,367318.8749731705,0.0,367318.8749731705,36731887.49731705,0.8217849879392707,30185713.723969344,0.0,0.0,0.0642450614072427,2359842.3678690647,0.0
0,,,,P100000125505_grinding,France,49.223238,-0.275059,Heidelberg Materials AG,E100000000414,grinding,base,0.95,0.0,278271.8750019364,0.0,278271.8750019364,27827187.50019364,0.8217849879392707,22867964.944230456,0.0,0.0,0.0642450614072427,1787759.369740797,0.0
0,,,,P100000125763_grinding,Germany,49.213229,12.028911,Heidelberg Materials AG,E100000000414,grinding,base,0.95,0.0,612198.124977546,0.0,612198.124977546,61219812.4977546,0.8217849879392707,50309522.87511168,0.0,0.0,0.0642450614072427,3933070.613258129,0.0
0,,,,P100000125764_grinding,Germany,51.857854,8.030947,Heidelberg Materials AG,E100000000414,grinding,base,0.95,0.0,556543.749942653,0.0,556543.749942653,55654374.9942653,0.8217849879392707,45735929.88342996,0.0,0.0,0.0642450614072427,3575518.739088287,0.0
0,,,,P100000125765_grinding,Germany,52.374826,9.876967,Heidelberg Materials AG,E100000000414,grinding,base,0.95,0.0,389580.6249826754,0.0,389580.6249826754,38958062.49826754,0.8217849879392707,32015150.920276143,0.0,0.0,0.0642450614072427,2502863.117508397,0.0
0,,,,P100000125766,Germany,49.357582,8.685217,Heidelberg Materials AG,E100000000414,grinding,base,0.75,0.0,445234.9999674794,0.0,445234.9999674794,44523499.99674794,0.8217849879392707,36588743.90784162,0.0,0.0,0.0642450614072427,2860414.9913564418,0.0
0,,,,P100000125767_grinding,Germany,51.698605,8.745713,Heidelberg Materials AG,E100000000414,grinding,base,0.95,0.0,222617.49998930516,0.0,222617.49998930516,22261749.998930514,0.8217849879392707,18294371.954378173,0.0,0.0,0.0642450614072427,1430207.495713976,0.0
0,,,,P100000125768_grinding,Germany,48.368754,9.734887,Heidelberg Materials AG,E100000000414,grinding,base,0.95,0.0,779161.2501100522,0.0,779161.2501100522,77916125.01100522,0.8217849879392707,64030301.852443635,0.0,0.0,0.0642450614072427,5005726.23594643,0.0
0,,,,P100000125769_grinding,Germany,49.808035,9.618507,Heidelberg Materials AG,E100000000414,grinding,base,0.95,0.0,556543.749942653,0.0,556543.749942653,55654374.9942653,0.8217849879392707,45735929.88342996,0.0,0.0,0.0642450614072427,3575518.739088287,0.0
0,,,,P100000125770_grinding,Germany,51.618024,8.510145,Heidelberg Materials AG,E100000000414,grinding,base,0.95,0.0,500889.3749689798,0.0,500889.3749689798,50088937.49689798,0.8217849879392707,41162336.89677919,0.0,0.0,0.0642450614072427,3217966.8653117525,0.0
0,,,,P100000125771,Germany,52.304257,13.637539,Heidelberg Materials AG,E100000000414,grinding,base,0.75,0.0,55654.37499593493,0.0,55654.37499593493,5565437.499593493,0.8217849879392707,4573592.988480203,0.0,0.0,0.0642450614072427,357551.8739195552,0.0
0,,,,P100000125772,Germany,49.974365,8.316202,Heidelberg Materials AG,E100000000414,grinding,base,0.75,0.0,723506.8749471541,0.0,723506.8749471541,72350687.49471541,0.8217849879392707,59456708.850242645,0.0,0.0,0.0642450614072427,4648174.360954219,0.0
0,,,,P100000125796_grinding,Germany,50.584335,9.509333,Heidelberg Materials AG,E100000000414,grinding,base,0.95,0.0,106021.58437573777,0.0,106021.58437573777,10602158.437573778,0.8217849879392707,8712694.643751804,0.0,0.0,0.0642450614072427,681136.3198712437,0.0
0,,,,P100000126406_grinding,Belgium,50.575421,3.442324,Heidelberg Materials AG,E100000000414,grinding,base,0.95,0.0,445234.99995634856,0.0,445234.99995634856,44523499.995634854,0.8217849879392707,36588743.90692691,0.0,0.0,0.0642450614072427,2860414.9912849315,0.0
0,,,,P100000126407_grinding,Belgium,50.764874,5.672481,Heidelberg Materials AG,E100000000414,grinding,base,0.95,0.0,834815.6248833695,0.0,834815.6248833695,83481562.48833695,0.8217849879392707,68603894.82262945,0.0,0.0,0.0642450614072427,5363278.108435776,0.0
0,,,,P100000126408,Belgium,51.151208,3.786843,Heidelberg Materials AG,E100000000414,grinding,base,0.75,0.0,834815.624939024,0.0,834815.624939024,83481562.4939024,0.8217849879392707,68603894.82720305,0.0,0.0,0.0642450614072427,5363278.108793329,0.0
0,,,,P100000126413,Belgium,51.156023,3.777584,Heidelberg Materials AG,E100000000414,grinding,base,0.75,0.0,250444.6874817072,0.0,250444.6874817072,25044468.74817072,0.8217849879392707,20581168.448160917,0.0,0.0,0.0642450614072427,1608983.4326379986,0.0
0,,,,P100000126416_grinding,Bulgaria,43.234634,27.59512,Heidelberg Materials AG,E100000000414,grinding,base,0.95,0.0,834815.6248833695,0.0,834815.6248833695,83481562.48833695,0.8217849879392707,68603894.82262945,0.0,0.0,0.0642450614072427,5363278.108435776,0.0
0,,,,P100000126417,Bulgaria,42.073752,25.54874,Heidelberg Materials AG,E100000000414,grinding,base,0.75,0.0,278271.87497967464,0.0,278271.87497967464,27827187.497967463,0.8217849879392707,22867964.942401014,0.0,0.0,0.0642450614072427,1787759.369597776,0.0
0,,,,P100000126426_grinding,Cyprus,34.722868,33.316229,Heidelberg Materials AG,E100000000414,grinding,base,0.96,0.0,289180.1324644188,0.0,289180.1324644188,28918013.246441882,0.8217849879392707,23764389.166954912,0.0,0.0,0.0642450614072427,1857839.5367931167,0.0
0,,,,P100000126430_grinding,Czech Republic,49.215741,16.773065,Heidelberg Materials AG,E100000000414,grinding,base,0.95,0.0,556543.749942653,0.0,556543.749942653,55654374.9942653,0.8217849879392707,45735929.88342996,0.0,0.0,0.0642450614072427,3575518.739088287,0.0
0,,,,P100000126431_grinding,Czech Republic,49.995616,14.341284,Heidelberg Materials AG,E100000000414,grinding,base,0.95,0.0,445234.99995634856,0.0,445234.99995634856,44523499.995634854,0.8217849879392707,36588743.90692691,0.0,0.0,0.0642450614072427,2860414.9912849315,0.0
0,,,,P100000126434,Estonia,59.496463,26.528401,Heidelberg Materials AG,E100000000414,grinding,base,0.75,0.0,445234.9999674794,0.0,445234.9999674794,44523499.99674794,0.8217849879392707,36588743.90784162,0.0,0.0,0.0642450614072427,2860414.9913564418,0.0
0,,,,P100000126445,Greece,38.035393,23.593071,Heidelberg Materials AG,E100000000414,grinding,base,0.75,0.0,389580.6249715445,0.0,389580.6249715445,38958062.49715445,0.8217849879392707,32015150.919361424,0.0,0.0,0.0642450614072427,2502863.1174368868,0.0
0,,,,P100000126448_grinding,Hungary,45.811509,18.39802,Heidelberg Materials AG,E100000000414,grinding,base,0.95,0.0,389580.6250550261,0.0,389580.6250550261,38958062.50550261,0.8217849879392707,32015150.926221818,0.0,0.0,0.0642450614072427,2502863.117973215,0.0
0,,,,P100000126449_grinding,Hungary,47.809512,19.101503,Heidelberg Materials AG,E100000000414,grinding,base,0.95,0.0,222617.49997817428,0.0,222617.49997817428,22261749.997817427,0.8217849879392707,18294371.953463454,0.0,0.0,0.0642450614072427,1430207.4956424658,0.0
0,,,,P100000126467_grinding,Poland,50.534237,17.977674,Heidelberg Materials AG,E100000000414,grinding,base,0.95,0.0,1669631.2499337022,0.0,1669631.2499337022,166963124.9933702,0.8217849879392707,137207789.65897968,0.0,0.0,0.0642450614072427,10726556.217944209,0.0
0,,,,P100000126468,Poland,50.353311,19.269452,Heidelberg Materials AG,E100000000414,grinding,base,0.75,0.0,1669631.249878048,0.0,1669631.249878048,166963124.9878048,0.8217849879392707,137207789.6544061,0.0,0.0,0.0642450614072427,10726556.217586659,0.0
0,,,,P100000126479,Netherlands,52.471095,4.621317,Heidelberg Materials AG,E100000000414,grinding,base,0.75,0.0,779161.249943089,0.0,779161.249943089,77916124.9943089,0.8217849879392707,64030301.83872285,0.0,0.0,0.0642450614072427,5005726.2348737735,0.0
0,,,,P100000126480,Netherlands,51.881134,4.246606,Heidelberg Materials AG,E100000000414,grinding,base,0.75,0.0,333926.2499756096,0.0,333926.2499756096,33392624.99756096,0.8217849879392707,27441557.93088122,0.0,0.0,0.0642450614072427,2145311.243517332,0.0
0,,,,P100000126482_grinding,Norway,68.094459,16.376107,Heidelberg Materials AG,E100000000414,grinding,base,0.95,0.0,278271.8750019364,0.0,278271.8750019364,27827187.50019364,0.8217849879392707,22867964.944230456,0.0,0.0,0.0642450614072427,1787759.369740797,0.0
0,,,,P100000126483_grinding,Norway,59.061659,9.690074,Heidelberg Materials AG,E100000000414,grinding,base,0.95,0.0,667852.500101486,0.0,667852.500101486,66785250.0101486,0.8217849879392707,54883115.874111146,0.0,0.0,0.0642450614072427,4290622.488000053,0.0
0,,,,P100000126487_grinding,Romania,45.954915,22.867672,Heidelberg Materials AG,E100000000414,grinding,base,0.95,0.0,918297.1874885808,0.0,918297.1874885808,91829718.74885808,0.8217849879392707,75464284.31449695,0.0,0.0,0.0642450614072427,5899605.920030214,0.0
0,,,,P100000126488_grinding,Romania,45.121984,25.416811,Heidelberg Materials AG,E100000000414,grinding,base,0.71,0.0,1391359.3750096818,0.0,1391359.3750096818,139135937.5009682,0.8217849879392707,114339824.72115226,0.0,0.0,0.0642450614072427,8938796.848703984,0.0
0,,,,P100000126489_grinding,Romania,46.903414,26.073014,Heidelberg Materials AG,E100000000414,grinding,base,0.95,0.0,1669631.2499337022,0.0,1669631.2499337022,166963124.9933702,0.8217849879392707,137207789.65897968,0.0,0.0,0.0642450614072427,10726556.217944209,0.0
0,,,,P100000126703_grinding,Sweden,58.384739,13.826683,Heidelberg Materials AG,E100000000414,grinding,base,0.95,0.0,406276.9374480632,0.0,406276.9374480632,40627693.74480632,0.8217849879392707,33387228.814076044,0.0,0.0,0.0642450614072427,2610128.679469732,0.0
0,,,,P100000126704_grinding,Sweden,57.709953,18.803934,Heidelberg Materials AG,E100000000414,grinding,base,0.95,0.0,1391359.3750096818,0.0,1391359.3750096818,139135937.5009682,0.8217849879392707,114339824.72115226,0.0,0.0,0.0642450614072427,8938796.848703984,0.0
0,,,,P100000127601_grinding,Spain,39.436556,-0.77638,Heidelberg Materials AG,E100000000414,grinding,base,0.87,0.0,384015.187471951,0.0,384015.187471951,38401518.7471951,0.8217849879392707,31557791.620513406,0.0,0.0,0.0642450614072427,2467107.9300449314,0.0
0,,,,P100000127730_grinding,Spain,40.576824,0.54329,Heidelberg Materials AG,E100000000414,grinding,base,0.71,0.0,1216048.0937168326,0.0,1216048.0937168326,121604809.37168325,0.8217849879392707,99933006.80286603,0.0,0.0,0.0642450614072427,7812508.445499834,0.0
0,,,,P100000127731_grinding,Spain,38.378014,-0.542867,Heidelberg Materials AG,E100000000414,grinding,base,0.79,0.0,757456.04363902,0.0,757456.04363902,75745604.36390199,0.8217849879392707,62246600.56864196,0.0,0.0,0.0642450614072427,4866281.003687594,0.0
0,,,,P100000127732_grinding,Spain,39.934332,-3.74396,Heidelberg Materials AG,E100000000414,grinding,base,0.71,0.0,962820.6872627112,0.0,962820.6872627112,96282068.72627112,0.8217849879392707,79123158.68698674,0.0,0.0,0.0642450614072427,6185647.41773565,0.0
0,,,,P100000127733_grinding,Spain,41.475476,-1.486787,Heidelberg Materials AG,E100000000414,grinding,base,0.71,0.0,779161.2501100522,0.0,779161.2501100522,77916125.01100522,0.8217849879392707,64030301.852443635,0.0,0.0,0.0642450614072427,5005726.23594643,0.0
0,,,,E100000000414_other,Various,,,Heidelberg Materials AG,E100000000414,other,base,0.0,0.0,150406808.8378855,0.0,150406808.8378855,15040680883.78855,0.8217849879392707,12360205758.682592,0.0,0.0,0.0642450614072427,966289466.9857368,0.0
0,,,,P100000125246_clinker,Austria,47.984587,16.606932,Holcim AG,E100001000571,clinker,ccus,0.95,497.78073862643515,440694.0805279487,219369.02491349998,440694.0805279487,35255526.442235895,0.8439440711821319,29753692.517329864,0.0,0.0,0.1118334241268688,3942746.2414306044,0.0
0,,,,P100000125247_clinker,Austria,46.737065,15.573242,Holcim AG,E100001000571,clinker,base,0.95,1064.2197915712018,229528.16689366856,244268.41793129998,229528.16689366856,18362253.351493485,0.8439440711821319,15496714.849537158,0.0,0.0,0.1118334241268688,2053513.6669825888,0.0
0,,,,P100000125408_clinker,Italy,45.782409,8.682763,Holcim AG,E100001000571,clinker,alternative_fuels,0.95,664.008585299141,552248.2210900931,366697.56002,552248.2210900931,44179857.68720745,0.8439440711821319,37285328.96078906,0.0,0.0,0.1118334241268688,4940784.762598176,0.0
0,,,,P100000125506_clinker,France,47.629387,7.235731,Holcim AG,E100001000571,clinker,alternative_fuels,0.96,766.0568253808564,238571.23151032385,182759.120238,238571.23151032385,19085698.520825908,0.8439440711821319,16107262.11102061,0.0,0.0,0.1118334241268688,2134419.017437076,0.0
0,,,,P100000125507,France,43.798979,7.326012,Holcim AG,E100001000571,clinker,base,0.95,633.1716647282918,786953.7149989518,498276.79379,786953.7149989518,62956297.19991614,0.8439440711821319,53131593.76544948,0.0,0.0,0.1118334241268688,7040618.286215424,0.0
0,,,,P100000125516_clinker,France,44.520594,4.68927,Holcim AG,E100001000571,clinker,ccus,0.97,394.7535482195886,503539.9279994017,198774.173248,503539.9279994017,40283194.23995213,0.8439440711821319,33996762.947085805,0.0,0.0,0.1118334241268688,4505007.546621605,0.0
0,,,,P100000125518_clinker,France,45.865938,4.659428,Holcim AG,E100001000571,clinker,alternative_fuels,0.95,779.9507550066703,209854.3240189571,163676.03846,209854.3240189571,16788345.921516567,0.8439440711821319,14168425.005418632,0.0,0.0,0.1118334241268688,1877498.2098295502,0.0
0,,,,P100000125520_clinker,France,43.185985,0.989811,Holcim AG,E100001000571,clinker,ccus,0.95,339.13761071504155,1101735.2011244448,373639.84375,1101735.2011244448,88138816.08995558,0.8439440711821319,74384231.28013031,0.0,0.0,0.1118334241268688,9856865.60182809,0.0
0,,,,P100000125521_clinker,France,43.024402,3.029212,Holcim AG,E100001000571,clinker,alternative_fuels,0.95,732.7547712195421,262317.90503812383,192214.696493,262317.90503812383,20985432.40304991,0.8439440711821319,17710531.25774737,0.0,0.0,0.1118334241268688,2346872.762416016,0.0
0,,,,P100000125535_clinker,France,48.109062,-1.035543,Holcim AG,E100001000571,clinker,ccus,0.95,391.3492409614038,839417.2961597702,328505.321702,839417.2961597702,67153383.69278161,0.8439440711821319,56673700.0273419,0.0,0.0,0.1118334241268688,7509992.840069201,0.0
0,,,,P100000125536_clinker,France,43.41917,5.387094,Holcim AG,E100001000571,clinker,alternative_fuels,0.95,437.6448788021627,367245.06703448656,160722.922853,367245.06703448656,29379605.362758927,0.8439440711821319,24794743.759571165,0.0,0.0,0.1118334241268688,3285621.867213448,0.0
0,,,,P100000125774_clinker,Germany,48.226802,8.778484,Holcim AG,E100001000571,clinker,alternative_fuels,0.71,920.8645105084269,431305.8606859683,397174.26028,431305.8606859683,34504468.854877464,0.8439440711821319,29119841.91936236,0.0,0.0,0.1118334241268688,3858752.8997198464,0.0
0,,,,P100000125775_clinker,Germany,53.875352,9.584225,Holcim AG,E100001000571,clinker,ccus,0.71,342.3685316566447,513646.07059145,175856.2509796,513646.07059145,41091685.647316,0.8439440711821319,34679084.47693224,0.0,0.0,0.1118334241268688,4595423.909084258,0.0
0,,,,P100000125776_clinker,Germany,52.35342,9.88853,Holcim AG,E100001000571,clinker,ccus,0.71,326.62182392907135,392096.23696122295,128067.188072,392096.23696122295,31367698.956897836,0.8439440711821319,26472583.56129987,0.0,0.0,0.1118334241268688,3507957.1813306957,0.0
0,,,,P100000125777_clinker,Germany,51.765389,8.055836,Holcim AG,E100001000571,clinker,ccus,0.71,332.25911817172374,490120.29611820827,162846.9373863,490120.29611820827,39209623.689456664,0.8439440711821319,33090729.44599942,0.0,0.0,0.1118334241268688,4384946.475917929,0.0
0,,,,P100000126409_clinker,Belgium,50.472381,3.992813,Holcim AG,E100001000571,clinker,ccus,0.95,663.0385158274171,891880.8769533434,591351.37295,891880.8769533434,71350470.15626746,0.8439440711821319,60215806.26443957,0.0,0.0,0.1118334241268688,7979367.390637354,0.0
0,,,,P100000126418_clinker,Bulgaria,43.282765,23.466223,Holcim AG,E100001000571,clinker,alternative_fuels,0.95,529.3348975400187,891880.8769533434,472103.67262,891880.8769533434,71350470.15626746,0.8439440711821319,60215806.26443957,0.0,0.0,0.1118334241268688,7979367.390637354,0.0
0,,,,P100000126423_clinker,Croatia,44.966301,14.120792,Holcim AG,E100001000571,clinker,ccus,0.95,445.0565996142457,262317.90503812383,116746.3148342,262317.90503812383,20985432.40304991,0.8439440711821319,17710531.25774737,0.0,0.0,0.1118334241268688,2346872.762416016,0.0
0,,,,P100000126432_clinker,Czech Republic,50.48997,14.043732,Holcim AG,E100001000571,clinker,alternative_fuels,0.95,674.301858621135,392427.58591990924,264614.65056,392427.58591990924,31394206.873592738,0.8439440711821319,26494954.760433923,0.0,0.0,0.1118334241268688,3510921.6524211564,0.0
0,,,,P100000126439_clinker,Greece,38.374652,24.062377,Holcim AG,E100001000571,clinker,alternative_fuels,0.95,572.2070015465184,1731298.1730606502,990660.93639,1731298.1730606502,138503853.84485203,0.8439440711821319,116889506.28823939,0.0,0.0,0.1118334241268688,15489360.230237184,0.0
0,,,,P100000126440_clinker,Greece,39.353277,22.986048,Holcim AG,E100001000571,clinker,alternative_fuels,0.95,773.1382455066475,2098543.240189571,1622464.03884,2098543.240189571,167883459.21516567,0.8439440711821319,141684250.0541863,0.0,0.0,0.1118334241268688,18774982.098295502,0.0
0,,,,P100000126450_clinker,Hungary,46.015968,17.983723,Holcim AG,E100001000571,clinker,alternative_fuels,0.71,661.341746734603,392096.23696122295,259309.61024,392096.23696122295,31367698.956897836,0.8439440711821319,26472583.56129987,0.0,0.0,0.1118334241268688,3507957.1813306957,0.0
0,,,,P100000126469_clinker,Poland,50.827998,20.273642,Holcim AG,E100001000571,clinker,alternative_fuels,0.71,697.3375158214261,784192.4739067621,546846.83168,784192.4739067621,62735397.912540965,0.8439440711821319,52945167.12154084,0.0,0.0,0.1118334241268688,7015914.362521073,0.0
0,,,,P100000126470_clinker,Poland,52.837588,17.990145,Holcim AG,E100001000571,clinker,ccus,0.71,168.91463220430865,968477.7054016944,163590.055406,968477.7054016944,77478216.43213555,0.8439440711821319,65387281.403666824,0.0,0.0,0.1118334241268688,8664654.238848351,0.0
0,,,,P100000126490_clinker,Romania,47.038016,22.332246,Holcim AG,E100001000571,clinker,base,0.95,1026.4742027111195,993817.6147387062,1020128.14372918,993817.6147387062,79505409.17909649,0.8439440711821319,67098118.70360793,0.0,0.0,0.1118334241268688,8891362.145106144,0.0
0,,,,P100000126491_clinker,Romania,45.290475,25.111278,Holcim AG,E100001000571,clinker,base,0.95,689.0311549456437,470755.71234898735,324365.352177082,470755.71234898735,37660456.98791899,0.8439440711821319,31783319.39296392,0.0,0.0,0.1118334241268688,4211697.859141644,0.0
0,,,,P100000126701_clinker,Slovenia,46.128698,15.034885,Holcim AG,E100001000571,clinker,base,0.95,763.8191538655368,262317.90503812383,200363.44027,262317.90503812383,20985432.40304991,0.8439440711821319,17710531.25774737,0.0,0.0,0.1118334241268688,2346872.762416016,0.0
0,,,,P100000126707_clinker,Switzerland,46.916247,9.550152,Holcim AG,E100001000571,clinker,alternative_fuels,0.95,850.0316718220444,419708.6480169288,356765.643752,419708.6480169288,33576691.8413543,0.8439440711821319,28336850.00942042,0.0,0.0,0.1118334241268688,3754996.419471351,0.0
0,,,,P100000126708_clinker,Switzerland,47.521232,8.238523,Holcim AG,E100001000571,clinker,alternative_fuels,0.95,418.559926301578,472172.2290360956,197632.373387,472172.2290360956,37773778.32288765,0.8439440711821319,31878956.261749167,0.0,0.0,0.1118334241268688,4224370.9720578175,0.0
0,,,,P100000126709_clinker,Switzerland,46.655342,6.5458,Holcim AG,E100001000571,clinker,alternative_fuels,0.95,781.7813350915318,367245.06703448656,287105.338812,367245.06703448656,29379605.362758927,0.8439440711821319,24794743.759571165,0.0,0.0,0.1118334241268688,3285621.867213448,0.0
0,,,,P100000126710_clinker,Switzerland,47.18528,7.249129,Holcim AG,E100001000571,clinker,alternative_fuels,0.95,456.11533602611826,472172.2290360956,215364.994909,472172.2290360956,37773778.32288765,0.8439440711821319,31878956.261749167,0.0,0.0,0.1118334241268688,4224370.9720578175,0.0
0,,,,P100000127605_clinker,Spain,36.966885,-1.904785,Holcim AG,E100001000571,clinker,alternative_fuels,0.71,573.085527785351,588144.3554202692,337057.01834,588144.3554202692,47051548.43362153,0.8439440711821319,39708875.34049382,0.0,0.0,0.1118334241268688,5261935.771803106,0.0
0,,,,P100000127606_clinker,Spain,36.618249,-6.073448,Holcim AG,E100001000571,clinker,alternative_fuels,0.71,556.7851605640135,392096.23696122295,218313.366253,392096.23696122295,31367698.956897836,0.8439440711821319,26472583.56129987,0.0,0.0,0.1118334241268688,3507957.1813306957,0.0
0,,,,P100000127607_clinker,Spain,40.009935,-3.901136,Holcim AG,E100001000571,clinker,alternative_fuels,0.71,823.7573071202639,352886.61327960825,290692.926274,352886.61327960825,28230929.06236866,0.8439440711821319,23825325.206149373,0.0,0.0,0.1118334241268688,3157161.463327421,0.0
0,,,,P100000127608_clinker,Spain,41.474698,2.183652,Holcim AG,E100001000571,clinker,alternative_fuels,0.79,862.1365104087467,785296.9703881493,677033.189685,785296.9703881493,62823757.63105194,0.8439440711821319,53019737.7821095,0.0,0.0,0.1118334241268688,7025795.9323970415,0.0
0,,,,P100000127609_clinker,Spain,39.663613,-0.246962,Holcim AG,E100001000571,clinker,alternative_fuels,0.71,1013.4604385492394,921426.1567296784,933828.95689,921426.1567296784,73714092.53837427,0.8439440711821319,62210571.360332,0.0,0.0,0.1118334241268688,8243699.374971265,0.0
0,,,,P100000125246_grinding,Austria,47.984587,16.606932,Holcim AG,E100001000571,grinding,base,0.95,0.0,467496.7500710402,0.0,467496.7500710402,46749675.00710402,0.8439440711821319,39454111.051936924,0.0,0.0,0.1118334241268688,5228176.232862742,0.0
0,,,,P100000125247_grinding,Austria,46.737065,15.573242,Holcim AG,E100001000571,grinding,base,0.95,0.0,243487.8906111111,0.0,243487.8906111111,24348789.06111111,0.8439440711821319,20549016.16858907,0.0,0.0,0.1118334241268688,2723008.4540469022,0.0
0,,,,P100000125408_grinding,Italy,45.782409,8.682763,Holcim AG,E100001000571,grinding,base,0.95,0.0,585835.5262744639,0.0,585835.5262744639,58583552.62744638,0.8439440711821319,49441241.90871978,0.0,0.0,0.1118334241268688,6551599.28784395,0.0
0,,,,P100000125506_grinding,France,47.629387,7.235731,Holcim AG,E100001000571,grinding,base,0.96,0.0,250444.6874817072,0.0,250444.6874817072,25044468.74817072,0.8439440711821319,21136130.915924866,0.0,0.0,0.1118334241268688,2800808.6955462866,0.0
0,,,,P100000125508,France,45.614937,0.104314,Holcim AG,E100001000571,grinding,base,0.75,0.0,111308.74999186986,0.0,111308.74999186986,11130874.999186985,0.8439440711821319,9393835.962633273,0.0,0.0,0.1118334241268688,1244803.8646872384,0.0
0,,,,P100000125509,France,49.46577,0.317548,Holcim AG,E100001000571,grinding,base,0.75,0.0,723506.8749471541,0.0,723506.8749471541,72350687.49471541,0.8439440711821319,61059933.75711628,0.0,0.0,0.1118334241268688,8091225.12046705,0.0
0,,,,P100000125516_grinding,France,44.520594,4.68927,Holcim AG,E100001000571,grinding,base,0.97,0.0,523151.1249729192,0.0,523151.1249729192,52315112.497291915,0.8439440711821319,44151029.02531576,0.0,0.0,0.1118334241268688,5850578.164154501,0.0
0,,,,P100000125518_grinding,France,45.865938,4.659428,Holcim AG,E100001000571,grinding,base,0.95,0.0,222617.49998930516,0.0,222617.49998930516,22261749.998930514,0.8439440711821319,18787671.925736237,0.0,0.0,0.1118334241268688,2489607.729436717,0.0
0,,,,P100000125520_grinding,France,43.185985,0.989811,Holcim AG,E100001000571,grinding,base,0.95,0.0,1168741.8749702878,0.0,1168741.8749702878,116874187.49702878,0.8439440711821319,98635277.61234629,0.0,0.0,0.1118334241268688,13070440.579838406,0.0
0,,,,P100000125521_grinding,France,43.024402,3.029212,Holcim AG,E100001000571,grinding,base,0.95,0.0,278271.8750019364,0.0,278271.8750019364,27827187.50019364,0.8439440711821319,23484589.90846195,0.0,0.0,0.1118334241268688,3112009.6619670573,0.0
0,,,,P100000125535_grinding,France,48.109062,-1.035543,Holcim AG,E100001000571,grinding,base,0.95,0.0,890470.0000462676,0.0,890470.0000462676,89047000.00462677,0.8439440711821319,75150687.71046002,0.0,0.0,0.1118334241268688,9958430.918742713,0.0
0,,,,P100000125536_grinding,France,43.41917,5.387094,Holcim AG,E100001000571,grinding,base,0.95,0.0,389580.6249826754,0.0,389580.6249826754,38958062.49826754,0.8439440711821319,32878425.87015584,0.0,0.0,0.1118334241268688,4356813.526529815,0.0
0,,,,P100000125538,France,43.401289,3.713829,Holcim AG,E100001000571,grinding,base,0.75,0.0,333926.2499756096,0.0,333926.2499756096,33392624.99756096,0.8439440711821319,28181507.887899823,0.0,0.0,0.1118334241268688,3734411.594061716,0.0
0,,,,P100000125539,France,51.044693,2.326535,Holcim AG,E100001000571,grinding,base,0.75,0.0,512020.24996260135,0.0,512020.24996260135,51202024.99626014,0.8439440711821319,43211645.42811306,0.0,0.0,0.1118334241268688,5726097.777561298,0.0
0,,,,P100000125540,France,44.912988,-0.535765,Holcim AG,E100001000571,grinding,base,0.75,0.0,166963.1249878048,0.0,166963.1249878048,16696312.49878048,0.8439440711821319,14090753.943949912,0.0,0.0,0.1118334241268688,1867205.797030858,0.0
0,,,,P100000125541,France,43.422384,4.868374,Holcim AG,E100001000571,grinding,base,0.75,0.0,55654.37499593493,0.0,55654.37499593493,5565437.499593493,0.8439440711821319,4696917.981316636,0.0,0.0,0.1118334241268688,622401.9323436192,0.0
0,,,,P100000125774_grinding,Germany,48.226802,8.778484,Holcim AG,E100001000571,grinding,base,0.71,0.0,612198.124977546,0.0,612198.124977546,61219812.4977546,0.8439440711821319,51666097.79636178,0.0,0.0,0.1118334241268688,6846421.256028773,0.0
0,,,,P100000125775_grinding,Germany,53.875352,9.584225,Holcim AG,E100001000571,grinding,base,0.71,0.0,729072.3126693651,0.0,729072.3126693651,72907231.26693651,0.8439440711821319,61529625.574035615,0.0,0.0,0.1118334241268688,8153465.31619102,0.0
0,,,,P100000125776_grinding,Germany,52.35342,9.88853,Holcim AG,E100001000571,grinding,base,0.71,0.0,556543.749942653,0.0,556543.749942653,55654374.9942653,0.8439440711821319,46969179.8117573,0.0,0.0,0.1118334241268688,6224019.323249472,0.0
0,,,,P100000125777_grinding,Germany,51.765389,8.055836,Holcim AG,E100001000571,grinding,base,0.71,0.0,695679.6873100507,0.0,695679.6873100507,69567968.73100507,0.8439440711821319,58711474.75471567,0.0,0.0,0.1118334241268688,7780024.152739236,0.0
0,,,,P100000125778,Germany,53.121629,8.706359,Holcim AG,E100001000571,grinding,base,0.75,0.0,417407.812469512,0.0,417407.812469512,41740781.2469512,0.8439440711821319,35226884.85987478,0.0,0.0,0.1118334241268688,4668014.492577145,0.0
0,,,,P100000125779,Germany,51.547529,7.506501,Holcim AG,E100001000571,grinding,base,0.75,0.0,389580.6249715445,0.0,389580.6249715445,38958062.49715445,0.8439440711821319,32878425.86921646,0.0,0.0,0.1118334241268688,4356813.526405335,0.0
0,,,,P100000125780,Germany,51.512157,6.72872,Holcim AG,E100001000571,grinding,base,0.75,0.0,55654.37499593493,0.0,55654.37499593493,5565437.499593493,0.8439440711821319,4696917.981316636,0.0,0.0,0.1118334241268688,622401.9323436192,0.0
0,,,,P100000125781,Germany,54.146539,12.116305,Holcim AG,E100001000571,grinding,base,0.75,0.0,55654.37499593493,0.0,55654.37499593493,5565437.499593493,0.8439440711821319,4696917.981316636,0.0,0.0,0.1118334241268688,622401.9323436192,0.0
0,,,,P100000126409_grinding,Belgium,50.472381,3.992813,Holcim AG,E100001000571,grinding,base,0.95,0.0,946124.374819585,0.0,946124.374819585,94612437.4819585,0.8439440711821319,79847605.67298898,0.0,0.0,0.1118334241268688,10580832.848596722,0.0
0,,,,P100000126418_grinding,Bulgaria,43.282765,23.466223,Holcim AG,E100001000571,grinding,base,0.95,0.0,946124.374819585,0.0,946124.374819585,94612437.4819585,0.8439440711821319,79847605.67298898,0.0,0.0,0.1118334241268688,10580832.848596722,0.0
0,,,,P100000126423_grinding,Croatia,44.966301,14.120792,Holcim AG,E100001000571,grinding,base,0.95,0.0,278271.8750019364,0.0,278271.8750019364,27827187.50019364,0.8439440711821319,23484589.90846195,0.0,0.0,0.1118334241268688,3112009.6619670573,0.0
0,,,,P100000126425,Cyprus,35.324334,34.006367,Holcim AG,E100001000571,grinding,base,0.75,0.0,250444.6874817072,0.0,250444.6874817072,25044468.74817072,0.8439440711821319,21136130.915924866,0.0,0.0,0.1118334241268688,2800808.6955462866,0.0
0,,,,P100000126432_grinding,Czech Republic,50.48997,14.043732,Holcim AG,E100001000571,grinding,base,0.95,0.0,416294.72498473135,0.0,416294.72498473135,41629472.49847314,0.8439440711821319,35132946.50152601,0.0,0.0,0.1118334241268688,4655566.454099567,0.0
0,,,,P100000126439_grinding,Greece,38.374652,24.062377,Holcim AG,E100001000571,grinding,base,0.95,0.0,1836594.3748101983,0.0,1836594.3748101983,183659437.48101982,0.8439440711821319,154998293.37875208,0.0,0.0,0.1118334241268688,20539263.76671703,0.0
0,,,,P100000126440_grinding,Greece,39.353277,22.986048,Holcim AG,E100001000571,grinding,base,0.95,0.0,2226174.999893052,0.0,2226174.999893052,222617499.9893052,0.8439440711821319,187876719.25736243,0.0,0.0,0.1118334241268688,24896077.29436718,0.0
0,,,,P100000126450_grinding,Hungary,46.015968,17.983723,Holcim AG,E100001000571,grinding,base,0.71,0.0,556543.749942653,0.0,556543.749942653,55654374.9942653,0.8439440711821319,46969179.8117573,0.0,0.0,0.1118334241268688,6224019.323249472,0.0
0,,,,P100000126469_grinding,Poland,50.827998,20.273642,Holcim AG,E100001000571,grinding,base,0.71,0.0,1113087.499863044,0.0,1113087.499863044,111308749.98630439,0.8439440711821319,93938359.6216358,0.0,0.0,0.1118334241268688,12448038.64624998,0.0
0,,,,P100000126470_grinding,Poland,52.837588,17.990145,Holcim AG,E100001000571,grinding,base,0.71,0.0,1374663.0625109016,0.0,1374663.0625109016,137466306.25109017,0.8439440711821319,116013874.14791478,0.0,0.0,0.1118334241268688,15373327.730132202,0.0
0,,,,P100000126490_grinding,Romania,47.038016,22.332246,Holcim AG,E100001000571,grinding,base,0.95,0.0,1054260.825326046,0.0,1054260.825326046,105426082.5326046,0.8439440711821319,88973717.30134977,0.0,0.0,0.1118334241268688,11790159.801903045,0.0
0,,,,P100000126491_grinding,Romania,45.290475,25.111278,Holcim AG,E100001000571,grinding,base,0.95,0.0,499386.70684407285,0.0,499386.70684407285,49938670.68440729,0.8439440711821319,42145445.046822466,0.0,0.0,0.1118334241268688,5584812.538981349,0.0
0,,,,P100000126492,Romania,46.560266,23.781586,Holcim AG,E100001000571,grinding,base,0.75,0.0,332924.47122568276,0.0,332924.47122568276,33292447.122568276,0.8439440711821319,28096963.364236124,0.0,0.0,0.1118334241268688,3723208.3592795306,0.0
0,,,,P100000126701_grinding,Slovenia,46.128698,15.034885,Holcim AG,E100001000571,grinding,base,0.95,0.0,278271.8750019364,0.0,278271.8750019364,27827187.50019364,0.8439440711821319,23484589.90846195,0.0,0.0,0.1118334241268688,3112009.6619670573,0.0
0,,,,P100000126707_grinding,Switzerland,46.916247,9.550152,Holcim AG,E100001000571,grinding,base,0.95,0.0,445234.99995634856,0.0,445234.99995634856,44523499.995634854,0.8439440711821319,37575343.84959371,0.0,0.0,0.1118334241268688,4979215.458624474,0.0
0,,,,P100000126708_grinding,Switzerland,47.521232,8.238523,Holcim AG,E100001000571,grinding,base,0.95,0.0,500889.3749689798,0.0,500889.3749689798,50088937.49689798,0.8439440711821319,42272261.83231942,0.0,0.0,0.1118334241268688,5601617.391154814,0.0
0,,,,P100000126709_grinding,Switzerland,46.655342,6.5458,Holcim AG,E100001000571,grinding,base,0.95,0.0,389580.6249826754,0.0,389580.6249826754,38958062.49826754,0.8439440711821319,32878425.87015584,0.0,0.0,0.1118334241268688,4356813.526529815,0.0
0,,,,P100000126710_grinding,Switzerland,47.18528,7.249129,Holcim AG,E100001000571,grinding,base,0.95,0.0,500889.3749689798,0.0,500889.3749689798,50088937.49689798,0.8439440711821319,42272261.83231942,0.0,0.0,0.1118334241268688,5601617.391154814,0.0
0,,,,P100000126714,Italy,45.780804,9.240468,Holcim AG,E100001000571,grinding,base,0.75,0.0,55654.37499593493,0.0,55654.37499593493,5565437.499593493,0.8439440711821319,4696917.981316636,0.0,0.0,0.1118334241268688,622401.9323436192,0.0
0,,,,P100000127605_grinding,Spain,36.966885,-1.904785,Holcim AG,E100001000571,grinding,base,0.71,0.0,834815.6248833695,0.0,834815.6248833695,83481562.48833695,0.8439440711821319,70453769.71505263,0.0,0.0,0.1118334241268688,9336028.984531887,0.0
0,,,,P100000127606_grinding,Spain,36.618249,-6.073448,Holcim AG,E100001000571,grinding,base,0.71,0.0,556543.749942653,0.0,556543.749942653,55654374.9942653,0.8439440711821319,46969179.8117573,0.0,0.0,0.1118334241268688,6224019.323249472,0.0
0,,,,P100000127607_grinding,Spain,40.009935,-3.901136,Holcim AG,E100001000571,grinding,base,0.71,0.0,500889.3749689798,0.0,500889.3749689798,50088937.49689798,0.8439440711821319,42272261.83231942,0.0,0.0,0.1118334241268688,5601617.391154814,0.0
0,,,,P100000127608_grinding,Spain,41.474698,2.183652,Holcim AG,E100001000571,grinding,base,0.79,0.0,1001778.7499268288,0.0,1001778.7499268288,100177874.99268287,0.8439440711821319,84544523.66369946,0.0,0.0,0.1118334241268688,11203234.782185147,0.0
0,,,,P100000127609_grinding,Spain,39.663613,-0.246962,Holcim AG,E100001000571,grinding,base,0.71,0.0,1307877.8121818537,0.0,1307877.8121818537,130787781.21818537,0.8439440711821319,110377572.54215333,0.0,0.0,0.1118334241268688,14626445.407585448,0.0
0,,,,E100001000571_other,Various,,,Holcim AG,E100001000571,other,base,0.0,0.0,228895067.06357026,0.0,228895067.06357026,22889506706.357025,0.8439440711821319,19317463477.11366,0.0,0.0,0.1118334241268688,2559811911.5468326,0.0
0,,,,P100000127704_clinker,Portugal,39.655677,-8.987387,Semapa - Sociedade de Investimento e Gestão SGPS SA,E100000000838,clinker,base,0.79,763.8727640408011,427550.5727581557,326594.23778,427550.5727581557,34204045.820652455,0.7358879797164918,25170346.17709025,0.0,0.0,0.0857439207099227,2932788.9928045874,0.0
0,,,,P100000127704_grinding,Portugal,39.655677,-8.987387,Semapa - Sociedade de Investimento e Gestão SGPS SA,E100000000838,grinding,base,0.79,0.0,545412.8749490314,0.0,545412.8749490314,54541287.49490314,0.7358879797164918,40136277.86576063,0.0,0.0,0.0857439207099227,4676583.830380074,0.0
0,,,,P100000127705,Portugal,39.685773,-8.905132,Semapa - Sociedade de Investimento e Gestão SGPS SA,E100000000838,grinding,base,0.75,0.0,806988.4374410565,0.0,806988.4374410565,80698843.74410565,0.7358879797164918,59385309.08830676,0.0,0.0,0.0857439207099227,6919435.259377037,0.0
0,,,,P100000127706,Portugal,38.501466,-8.935936,Semapa - Sociedade de Investimento e Gestão SGPS SA,E100000000838,grinding,base,0.75,0.0,1113087.4999186986,0.0,1113087.4999186986,111308749.99186985,0.7358879797164918,81910771.15628518,0.0,0.0,0.0857439207099227,9544048.633623498,0.0
0,,,,E100000000838_other,Various,,,Semapa - Sociedade de Investimento e Gestão SGPS SA,E100000000838,other,base,0.0,0.0,26115804.06281802,0.0,26115804.06281802,2611580406.281802,0.7358879797164918,1921830629.04589,0.0,0.0,0.0857439207099227,223927143.28381458,0.0
0,,,,P100000126419_clinker,Bulgaria,43.086767,24.174219,Titan Cement International SA,E100002005704,clinker,alternative_fuels,0.95,920.9037022246795,786875.0196274518,724636.1187630377,786875.0196274518,62950001.570196144,0.8681239127525759,54648401.67089947,0.0,0.0,0.0959454034524287,6039763.29798349,0.0
0,,,,P100000126441_clinker,Greece,40.699385,22.95241,Titan Cement International SA,E100002005704,clinker,alternative_fuels,0.95,951.1340915063597,592838.4653282401,563868.8751300001,592838.4653282401,47427077.2262592,0.8681239127525759,41172579.85207873,0.0,0.0,0.0959454034524287,4550410.0590429325,0.0
0,,,,P100000126442_clinker,Greece,38.333811,21.848592,Titan Cement International SA,E100002005704,clinker,alternative_fuels,0.95,743.9569334248431,996808.038855272,741582.2518,996808.038855272,79744643.10842176,0.8681239127525759,69228231.59634084,0.0,0.0,0.0959454034524287,7651131.9562074635,0.0
0,,,,P100000126443_clinker,Greece,38.129588,23.526606,Titan Cement International SA,E100002005704,clinker,ccus,0.95,327.9213450318635,1626371.0111587218,533321.7694999999,1626371.0111587218,130109680.89269774,0.8681239127525759,112951325.26355782,0.0,0.0,0.0959454034524287,12483425.826316638,0.0
0,,,,P100000126419_grinding,Bulgaria,43.086767,24.174219,Titan Cement International SA,E100002005704,grinding,base,0.95,0.0,834732.1433208812,0.0,834732.1433208812,83473214.33208811,0.8681239127525759,72465093.43600674,0.0,0.0,0.0959454034524287,8008871.226563248,0.0
0,,,,P100000126441_grinding,Greece,40.699385,22.95241,Titan Cement International SA,E100002005704,grinding,base,0.95,0.0,628894.4374429338,0.0,628894.4374429338,62889443.74429338,0.8681239127525759,54595829.97412898,0.0,0.0,0.0959454034524287,6033953.052945047,0.0
0,,,,P100000126442_grinding,Greece,38.333811,21.848592,Titan Cement International SA,E100002005704,grinding,base,0.95,0.0,1057433.1247001465,0.0,1057433.1247001465,105743312.47001465,0.8681239127525759,91798298.16888738,0.0,0.0,0.0959454034524287,10145584.77733179,0.0
0,,,,P100000126443_grinding,Greece,38.129588,23.526606,Titan Cement International SA,E100002005704,grinding,base,0.95,0.0,1725285.6249296372,0.0,1725285.6249296372,172528562.49296373,0.8681239127525759,149776170.732969,0.0,0.0,0.0959454034524287,16553322.535454964,0.0
0,,,,P100000126444,Greece,38.042083,23.533674,Titan Cement International SA,E100002005704,grinding,base,0.75,0.0,222617.4999837397,0.0,222617.4999837397,22261749.99837397,0.8681239127525759,19325957.513308063,0.0,0.0,0.0959454034524287,2135912.5851510945,0.0
0,,,,E100002005704_other,Various,,,Titan Cement International SA,E100002005704,other,base,0.0,0.0,17238723.141646914,0.0,17238723.141646914,1723872314.1646914,0.8681239127525759,1496534778.45849,0.0,0.0,0.0959454034524287,165397624.68300325,0.0
0,,,,P100000125560_clinker,France,46.250859,3.425083,Vicat SA,E100002002419,clinker,base,0.71,1052.8640260498505,196048.11850217677,206412.0113457,196048.11850217677,15683849.480174143,0.8248277065340661,12936473.596357543,0.0,0.0,0.0955247317456163,1498195.5143322588,0.0
0,,,,P100000125561_clinker,France,43.79341,7.374742,Vicat SA,E100002002419,clinker,base,0.95,633.1716647282918,786953.7149989518,498276.79379,786953.7149989518,62956297.19991614,0.8248277065340661,51928098.23128388,0.0,0.0,0.0955247317456163,6013883.401719284,0.0
0,,,,P100000125562_clinker,France,45.805093,5.421455,Vicat SA,E100002002419,clinker,ccus,0.95,499.62168716424543,1049271.62001609,524238.857086,1049271.62001609,83941729.60128722,0.8248277065340661,69237464.30953246,0.0,0.0,0.0955247317456163,8018511.202426021,0.0
0,,,,P100000125563_clinker,France,45.230601,5.668786,Vicat SA,E100002002419,clinker,base,0.95,736.6303752853275,1521443.8490469393,1120741.753499,1521443.8490469393,121715507.92375514,0.8248277065340661,100394323.2503799,0.0,0.0,0.0955247317456163,11626841.243698146,0.0
0,,,,P100000125564_clinker,France,48.562737,6.109497,Vicat SA,E100002002419,clinker,alternative_fuels,0.95,679.6549405089232,524635.8100185378,356571.320247,524635.8100185378,41970864.80148302,0.8248277065340661,34618732.1554586,0.0,0.0,0.0955247317456163,4009255.601293195,0.0
0,,,,P100000125409,Italy,39.861038,8.556913,Vicat SA,E100002002419,grinding,base,0.75,0.0,111308.74999186986,0.0,111308.74999186986,11130874.999186985,0.8248277065340661,9181054.097296776,0.0,0.0,0.0955247317456163,1063273.8483913238,0.0
0,,,,P100000125560_grinding,France,46.250859,3.425083,Vicat SA,E100002002419,grinding,base,0.71,0.0,278271.8750019364,0.0,278271.8750019364,27827187.50019364,0.8248277065340661,22952635.245078154,0.0,0.0,0.0955247317456163,2658184.6211909647,0.0
0,,,,P100000125561_grinding,France,43.79341,7.374742,Vicat SA,E100002002419,grinding,base,0.95,0.0,834815.6248833695,0.0,834815.6248833695,83481562.48833695,0.8248277065340661,68857905.7251353,0.0,0.0,0.0955247317456163,7974553.862403292,0.0
0,,,,P100000125562_grinding,France,45.805093,5.421455,Vicat SA,E100002002419,grinding,base,0.95,0.0,1113087.499863044,0.0,1113087.499863044,111308749.98630439,0.8248277065340661,91810540.96837722,0.0,0.0,0.0955247317456163,10632738.4833816,0.0
0,,,,P100000125563_grinding,France,45.230601,5.668786,Vicat SA,E100002002419,grinding,base,0.95,0.0,1613976.8748264587,0.0,1613976.8748264587,161397687.48264587,0.8248277065340661,133125284.40621275,0.0,0.0,0.0955247317456163,15417470.801142562,0.0
0,,,,P100000125564_grinding,France,48.562737,6.109497,Vicat SA,E100002002419,grinding,base,0.95,0.0,556543.749942653,0.0,556543.749942653,55654374.9942653,0.8248277065340661,45905270.48510673,0.0,0.0,0.0955247317456163,5316369.241797129,0.0
0,,,,P100000125603,France,45.288619,5.635196,Vicat SA,E100002002419,grinding,base,0.75,0.0,55654.37499593493,0.0,55654.37499593493,5565437.499593493,0.8248277065340661,4590527.048648388,0.0,0.0,0.0955247317456163,531636.9241956619,0.0
0,,,,P100000125604,France,45.371903,5.749692,Vicat SA,E100002002419,grinding,base,0.75,0.0,55654.37499593493,0.0,55654.37499593493,5565437.499593493,0.8248277065340661,4590527.048648388,0.0,0.0,0.0955247317456163,531636.9241956619,0.0
0,,,,P100000125626,France,45.567446,5.901418,Vicat SA,E100002002419,grinding,base,0.75,0.0,445234.9999674794,0.0,445234.9999674794,44523499.99674794,0.8248277065340661,36724216.389187105,0.0,0.0,0.0955247317456163,4253095.393565295,0.0
0,,,,P100000125627,France,43.424217,4.866317,Vicat SA,E100002002419,grinding,base,0.75,0.0,278271.87497967464,0.0,278271.87497967464,27827187.497967463,0.8248277065340661,22952635.24324194,0.0,0.0,0.0955247317456163,2658184.62097831,0.0
0,,,,E100002002419_other,Various,,,Vicat SA,E100002002419,other,base,0.0,0.0,29604497.510485485,0.0,29604497.510485485,2960449751.0485487,0.8248277065340661,2441860978.4667215,0.0,0.0,0.0955247317456163,282796168.3152892,0.0
